,OBJECTID,BYGNING_ID,FYLKES_NR,FYLKES_NAVN,KOMMUNE_NR,KOMMUNE_NAVN,BYGNINGS_NR,BYGNING_LNR,BYGNINGSTYPE_NR,BYGNINGSTYPE_NAVN,BYGNINGSSTATUS_NR,BYGNINGSSTATUS_NAVN,GODKJENT_DATO,IGANGSATT_DATO,TATT_I_BRUK_DATO,TATT_I_BRUK,NAERINGSGRUPPE_KODE,NAERINGSGRUPPE_NAVN,PAABYGG_TILBYGG_KODE,PAABYGG_TILBYGG_NAVN,REGISTRERT_IGANGSATT_DATO,REGISTRERT_GODKJENT_DATO,VANNFORSYNING_NR,VANNFORSYNING_NAVN,BRUKSAREAL_TOTALT,BRUKSAREAL_BOLIG,BRUKSAREAL_ANNET_BOLIG,ANTALL_ETASJER,ANTALL_BOLIGER,LKOORDINAT_TYPE,LKOORDINATSYSTEM_NR,LKOORDINATSYSTEM_NAVN,LKOORDINAT_KVALITET_KODE,LKOORDINAT_KVALITET_NAVN,LX_KOORDINAT,LY_KOORDINAT,LZ_KOORDINAT,UKOORDINAT_TYPE,UKOORDINATSYSTEM_NR,UKOORDINATSYSTEM_NAVN,UKOORDINAT_KVALITET_KODE,UKOORDINAT_KVALITET_NAVN,UX_KOORDINAT,UY_KOORDINAT,UZ_KOORDINAT,EIENDOM_ANTALL,HAR_HEIS,BEBYGD_AREAL,Byggtype_profet,Energistandard_profet,Energibronn,Energiomraadeid,SHAPE,grunnvarme,solceller,luft_luft_varmepumpe,fjernvarme,_nettutveksling_energi,_nettutveksling_effekt,_utetemperatur,_termisk_energibehov,_elspesifikt_energibehov,_kompressor,_levert_fra_kilde,_spisslast,_fjernvarmeproduksjon,_solcelleproduksjon,_nettutveksling_energi_liste
1000,1001,32064,30,VIKEN,3003,SARPSBORG,352659,0,136,Andre småhus m/3 boliger el fl,TB,Tatt i bruk,10101,10101,19000615,19000615,X,Bolig,,,10101,10101,1,Tilkn. off. vannverk,266.0,266.0,0.0,3,3,L,22,EUREF89 UTM Sone 32,,,6573065.9,620869.5,,U,23,EUREF89 UTM Sone 33,,,6577575.29,279044.36,0.0,1,N,0.0,A,X,,A,"{'x': 620869.5, 'y': 6573065.9, 'spatialReference': {'wkid': 25832, 'latestWkid': 25832}}",True,True,0.0,0,24500.0,9.0,[0],[6.1075707  5.73506749 5.50606431 ... 7.38032213 6.78235976 6.58856477],[1.10773484 0.86231659 0.77514616 ... 1.90299725 1.69647041 1.34644766],[1.7450202  1.63859071 1.57316123 ... 2.10866346 1.93781708 1.88244708],"[-4.3625505  -4.09647678 -3.93290308 ... -5.27165866 -4.84454269
 -4.70611769]",[0. 0. 0. ... 0. 0. 0.],0,[-0. -0. -0. ... -0. -0. -0.],[4.59777524 4.13949802 3.92146862 ... 6.12032418 5.57210456 5.11134181]
1001,1002,32065,30,VIKEN,3003,SARPSBORG,352667,0,122,"Tomannsbolig, horisontaldelt",TB,Tatt i bruk,10101,10101,19351115,19351115,X,Bolig,,,10101,10101,1,Tilkn. off. vannverk,272.0,272.0,0.0,4,2,L,22,EUREF89 UTM Sone 32,--,UOppgitt,6573100.0,620845.0,0.0,U,23,EUREF89 UTM Sone 33,--,UOppgitt,6577611.48,279023.02,0.0,1,N,0.0,A,X,,A,"{'x': 620845, 'y': 6573100, 'spatialReference': {'wkid': 25832, 'latestWkid': 25832}}",True,0.0,0.0,0.0,34800.0,9.0,[0],[6.24533545 5.86442992 5.63026125 ... 7.54679556 6.93534532 6.73717902],[1.13272134 0.88176734 0.79263066 ... 1.945922   1.73473666 1.37681866],[1.78438156 1.6755514  1.60864607 ... 2.1562273  1.98152724 1.92490829],"[-4.46095389 -4.18887851 -4.02161518 ... -5.39056825 -4.95381809
 -4.81227073]",[0. 0. 0. ... 0. 0. 0.],0,0,[4.70148446 4.23287015 4.0099228  ... 6.2583766  5.69779113 5.22663524]
1002,1003,32066,30,VIKEN,3003,SARPSBORG,352691,0,122,"Tomannsbolig, horisontaldelt",TB,Tatt i bruk,10101,10101,18980615,18980615,X,Bolig,,,10101,10101,1,Tilkn. off. vannverk,291.0,291.0,0.0,3,2,L,22,EUREF89 UTM Sone 32,--,UOppgitt,6573249.0,620635.0,0.0,U,23,EUREF89 UTM Sone 33,--,UOppgitt,6577778.83,278827.19,0.0,1,N,0.0,A,X,,A,"{'x': 620635, 'y': 6573249, 'spatialReference': {'wkid': 25832, 'latestWkid': 25832}}",True,0.0,0.0,0.0,37200.0,10.0,[0],[6.6815905  6.27407759 6.02355156 ... 8.07396142 7.41979959 7.20779079],[1.21184526 0.94336138 0.84799824 ... 2.08185038 1.85591312 1.47299349],[1.90902586 1.7925936  1.72101473 ... 2.30684612 2.11994274 2.0593688 ],"[-4.77256464 -4.481484   -4.30253683 ... -5.7671153  -5.29985685
 -5.14842199]",[0. 0. 0. ... 0. 0. 0.],0,0,[5.02989697 4.52854858 4.2900277  ... 6.69554262 6.0957986  5.59173108]
1003,1004,32069,30,VIKEN,3003,SARPSBORG,352748,0,111,Enebolig,TB,Tatt i bruk,10101,10101,18980615,18980615,X,Bolig,,,10101,10101,1,Tilkn. off. vannverk,211.0,211.0,0.0,3,1,L,22,EUREF89 UTM Sone 32,--,UOppgitt,6573271.0,620599.0,0.0,U,23,EUREF89 UTM Sone 33,--,UOppgitt,6577803.99,278793.3,0.0,1,N,0.0,A,X,,A,"{'x': 620599, 'y': 6573271, 'spatialReference': {'wkid': 25832, 'latestWkid': 25832}}",True,0.0,0.0,0.0,27000.0,7.0,[0],[4.84472713 4.54924527 4.36759237 ... 5.85431567 5.37999214 5.22626755],[0.87869192 0.68401805 0.61487158 ... 1.50952037 1.34569645 1.06804683],[1.38420775 1.29978436 1.24788353 ... 1.67266162 1.53714061 1.4932193 ],"[-3.46051938 -3.2494609  -3.11970883 ... -4.18165405 -3.84285153
 -3.73304825]",[0. 0. 0. ... 0. 0. 0.],0,0,[3.64710743 3.28358677 3.11063864 ... 4.85484362 4.41997768 4.05448542]
1004,1005,32071,30,VIKEN,3003,SARPSBORG,352764,0,319,Annen kontorbygning,TB,Tatt i bruk,10101,10101,18980615,18980615,Q,Helse- og sosialtjenester,,,10101,10101,1,Tilkn. off. vannverk,121.0,0.0,121.0,3,,L,22,EUREF89 UTM Sone 32,--,UOppgitt,6573279.0,620581.0,0.0,U,23,EUREF89 UTM Sone 33,--,UOppgitt,6577813.58,278776.08,0.0,1,N,0.0,C,X,,A,"{'x': 620581, 'y': 6573279, 'spatialReference': {'wkid': 25832, 'latestWkid': 25832}}",True,True,0.0,0.0,28900.0,13.0,[0],[1.60329857 1.62320428 1.62785602 ... 1.82456958 1.76611169 1.71802391],[1.36099082 1.35397729 1.35033036 ... 1.41205984 1.39326503 1.36868448],[0.32698203 0.32698203 0.32698203 ... 0.32698203 0.32698203 0.32698203],"[-0.81745507 -0.81745507 -0.81745507 ... -0.81745507 -0.81745507
 -0.81745507]",[0.45886148 0.47876719 0.48341892 ... 0.68013248 0.6216746  0.57358681],0,[-0. -0. -0. ... -0. -0. -0.],[2.93267782 2.96547572 2.97113225 ... 3.42628885 3.29057828 3.16982217]
1005,1006,32072,30,VIKEN,3003,SARPSBORG,352780,0,322,Butikk/forretningsbygning,TB,Tatt i bruk,10101,10101,19000615,19000615,G,"Varehandel, reparasjon av motorvogner",,,10101,10101,1,Tilkn. off. vannverk,558.0,0.0,558.0,3,,L,22,EUREF89 UTM Sone 32,--,UOppgitt,6573302.0,620555.0,0.0,U,23,EUREF89 UTM Sone 33,--,UOppgitt,6577838.83,278752.25,0.0,1,N,0.0,D,X,,A,"{'x': 620555, 'y': 6573302, 'spatialReference': {'wkid': 25832, 'latestWkid': 25832}}",0,True,0.0,0.0,117900.0,37.0,[0],"[ 9.46287698  9.50368045  9.47748185 ... 10.2847366  10.21592923
 10.27006739]",[5.58607216 5.4203774  5.33920961 ... 5.92837781 5.6645197  5.48578951],0,0,0,0,[-0. -0. -0. ... -0. -0. -0.],"[15.04894914 14.92405786 14.81669146 ... 16.21311441 15.88044893
 15.75585691]"
1006,1007,32075,30,VIKEN,3003,SARPSBORG,352802,0,136,Andre småhus m/3 boliger el fl,TB,Tatt i bruk,10101,10101,18980615,18980615,X,Bolig,,,10101,10101,1,Tilkn. off. vannverk,180.0,180.0,0.0,2,4,L,22,EUREF89 UTM Sone 32,--,UOppgitt,6573299.0,620507.0,0.0,U,23,EUREF89 UTM Sone 33,--,UOppgitt,6577840.16,278704.15,0.0,1,N,0.0,A,X,,A,"{'x': 620507, 'y': 6573299, 'spatialReference': {'wkid': 25832, 'latestWkid': 25832}}",True,True,0.0,0,13400.0,6.0,[0],[4.13294258 3.88087274 3.72590818 ... 4.99420294 4.58956676 4.45842729],[0.74959501 0.58352251 0.52453499 ... 1.2877425  1.14798749 0.91112999],[1.18084074 1.10882078 1.06454519 ... 1.42691513 1.31130479 1.27383637],"[-2.95210184 -2.77205196 -2.66136299 ... -3.56728782 -3.27826197
 -3.18459092]",[0. 0. 0. ... 0. 0. 0.],0,[-0. -0. -0. ... -0. -0. -0.],[3.11127648 2.80116407 2.65362538 ... 4.14157275 3.77059707 3.45880273]
1007,1008,32077,30,VIKEN,3003,SARPSBORG,352837,0,672,Bedehus menighetshus,TB,Tatt i bruk,10101,10101,19100615,19100615,Q,Helse- og sosialtjenester,,,10101,10101,1,Tilkn. off. vannverk,397.0,0.0,397.0,3,,L,22,EUREF89 UTM Sone 32,--,UOppgitt,6573299.0,620489.0,0.0,U,23,EUREF89 UTM Sone 33,--,UOppgitt,6577841.78,278686.22,0.0,1,N,0.0,I,X,,A,"{'x': 620489, 'y': 6573299, 'spatialReference': {'wkid': 25832, 'latestWkid': 25832}}",True,True,0.0,0.0,140200.0,58.0,[0],"[13.61446483 10.09401378 10.44297745 ... 17.20565474 16.55757233
 16.07286093]",[3.97432015 3.85643339 3.79868497 ... 4.2178602  4.03013319 3.90297211],[2.68876062 2.68876062 2.68876062 ... 2.68876062 2.68876062 2.68876062],"[-6.72190155 -6.72190155 -6.72190155 ... -6.72190155 -6.72190155
 -6.72190155]",[4.20380267 0.68335161 1.03231529 ... 7.79499257 7.14691016 6.66219877],0,[-0. -0. -0. ... -0. -0. -0.],"[17.75944673 10.60065785 11.24083679 ... 25.18536659 23.70147475
 22.60489088]"
1008,1009,32079,30,VIKEN,3003,SARPSBORG,352853,0,322,Butikk/forretningsbygning,TB,Tatt i bruk,10101,10101,19030615,19030615,G,"Varehandel, reparasjon av motorvogner",,,10101,10101,1,Tilkn. off. vannverk,714.0,208.0,506.0,4,1,L,22,EUREF89 UTM Sone 32,--,UOppgitt,6573318.0,620478.0,0.0,U,23,EUREF89 UTM Sone 33,--,UOppgitt,6577861.7,278676.97,0.0,1,N,0.0,D,X,,A,"{'x': 620478, 'y': 6573318, 'spatialReference': {'wkid': 25832, 'latestWkid': 25832}}",True,True,0.0,0.0,164300.0,71.0,[0],"[12.10841248 12.16062338 12.12710043 ... 13.16003931 13.07199547
 13.14126903]",[7.14776975 6.93575173 6.83189186 ... 7.58577376 7.24814887 7.0194511 ],[2.41187303 2.41187303 2.41187303 ... 2.41187303 2.41187303 2.41187303],"[-6.02968257 -6.02968257 -6.02968257 ... -6.02968257 -6.02968257
 -6.02968257]",[3.66685688 3.71906778 3.68554483 ... 4.71848371 4.63043987 4.69971343],0,[-0. -0. -0. ... -0. -0. -0.],"[19.30522957 19.19763334 19.02672759 ... 21.84648723 21.33277466
 21.24262402]"
1009,1010,32081,30,VIKEN,3003,SARPSBORG,352861,0,323,Bensinstasjon,TB,Tatt i bruk,10101,10101,19600615,19600615,G,"Varehandel, reparasjon av motorvogner",,,10101,10101,1,Tilkn. off. vannverk,394.0,58.0,336.0,3,1,L,22,EUREF89 UTM Sone 32,--,UOppgitt,6573319.0,620436.0,0.0,U,23,EUREF89 UTM Sone 33,--,UOppgitt,6577866.48,278635.21,0.0,1,N,0.0,L,X,,A,"{'x': 620436, 'y': 6573319, 'spatialReference': {'wkid': 25832, 'latestWkid': 25832}}",True,True,0.0,0.0,91600.0,44.0,[0],[7.13249154 6.92299358 6.92771441 ... 8.10996023 7.86475374 7.74090992],[4.01355889 3.94039625 3.90171246 ... 4.26830515 4.14884459 4.03537948],[1.49443218 1.49443218 1.49443218 ... 1.49443218 1.49443218 1.49443218],"[-3.73608046 -3.73608046 -3.73608046 ... -3.73608046 -3.73608046
 -3.73608046]",[1.90197889 1.69248094 1.69720177 ... 2.87944758 2.63424109 2.51039728],0,[-0. -0. -0. ... -0. -0. -0.],"[10.80638105 10.31422249 10.28498036 ... 13.01606469 12.40619114
 12.04503841]"
1010,1011,32083,30,VIKEN,3003,SARPSBORG,352888,0,111,Enebolig,TB,Tatt i bruk,10101,10101,19030615,19030615,X,Bolig,,,10101,10101,1,Tilkn. off. vannverk,154.0,154.0,0.0,3,1,L,22,EUREF89 UTM Sone 32,--,UOppgitt,6573136.0,620828.0,0.0,U,23,EUREF89 UTM Sone 33,--,UOppgitt,6577648.87,279009.32,0.0,1,N,0.0,A,X,,A,"{'x': 620828, 'y': 6573136, 'spatialReference': {'wkid': 25832, 'latestWkid': 25832}}",True,True,0.0,0,14200.0,5.0,[0],[3.53596198 3.32030223 3.18772144 ... 4.27281807 3.92662934 3.81443224],[0.64132017 0.49923592 0.44876883 ... 1.10173525 0.98216708 0.77952233],[1.01027485 0.94865778 0.91077756 ... 1.22080516 1.1218941  1.08983778],"[-2.52568713 -2.37164445 -2.27694389 ... -3.05201291 -2.80473524
 -2.72459446]",[0. 0. 0. ... 0. 0. 0.],0,[-0. -0. -0. ... -0. -0. -0.],[2.66186988 2.39655148 2.27032394 ... 3.54334558 3.22595527 2.95919789]
1011,1012,32084,30,VIKEN,3003,SARPSBORG,352918,0,531,Restaurantbygning kafebygning,TB,Tatt i bruk,10101,10101,19070615,19070615,I,Overnattings- og serveringsvirksomhet,,,10101,10101,1,Tilkn. off. vannverk,375.0,0.0,375.0,3,,L,22,EUREF89 UTM Sone 32,--,UOppgitt,6573389.0,620400.0,0.0,U,23,EUREF89 UTM Sone 33,--,UOppgitt,6577939.46,278605.64,0.0,1,N,0.0,L,X,,A,"{'x': 620400, 'y': 6573389, 'spatialReference': {'wkid': 25832, 'latestWkid': 25832}}",True,True,0.0,0.0,87100.0,42.0,[0],[6.7885389  6.58914364 6.59363681 ... 7.71887077 7.48548896 7.36761731],[3.82001164 3.75037714 3.71355881 ... 4.06247318 3.9487734  3.84077996],[1.42236566 1.42236566 1.42236566 ... 1.42236566 1.42236566 1.42236566],"[-3.55591414 -3.55591414 -3.55591414 ... -3.55591414 -3.55591414
 -3.55591414]",[1.8102591  1.61086384 1.61535701 ... 2.74059097 2.50720916 2.38933751],0,[-0. -0. -0. ... -0. -0. -0.],"[10.28526115  9.81683613  9.78900415 ... 12.38838644 11.80792304
 11.4641863 ]"
1012,1013,32086,30,VIKEN,3003,SARPSBORG,352942,0,136,Andre småhus m/3 boliger el fl,TB,Tatt i bruk,10101,10101,18800615,18800615,G,"Varehandel, reparasjon av motorvogner",,,10101,10101,1,Tilkn. off. vannverk,852.0,644.0,208.0,4,4,L,22,EUREF89 UTM Sone 32,--,UOppgitt,6573430.0,620332.0,0.0,U,23,EUREF89 UTM Sone 33,--,UOppgitt,6577986.43,278541.57,0.0,1,N,0.0,A,X,,A,"{'x': 620332, 'y': 6573430, 'spatialReference': {'wkid': 25832, 'latestWkid': 25832}}",True,0.0,0.0,0.0,109000.0,30.0,[0],"[19.56259487 18.36946429 17.63596539 ... 23.63922726 21.72394932
 21.10322251]",[3.54808303 2.76200653 2.48279897 ... 6.0953145  5.43380747 4.31268197],[5.58931282 5.24841837 5.03884726 ... 6.75406493 6.20684266 6.02949214],"[-13.97328205 -13.12104592 -12.59711814 ... -16.88516233 -15.51710666
 -15.07373036]",[0. 0. 0. ... 0. 0. 0.],0,0,"[14.72670867 13.25884327 12.56049348 ... 19.60344436 17.8474928
 16.37166626]"
1013,1014,32088,30,VIKEN,3003,SARPSBORG,352969,0,311,Kontor- og adm.bygning rådhus,TB,Tatt i bruk,10101,10101,19520615,19520615,L,Omsetning og drift av fast eiendom,,,10101,10101,1,Tilkn. off. vannverk,2947.0,0.0,2947.0,4,,L,22,EUREF89 UTM Sone 32,--,UOppgitt,6573448.0,620293.0,0.0,U,23,EUREF89 UTM Sone 33,--,UOppgitt,6578007.87,278504.33,0.0,1,J,0.0,C,X,,A,"{'x': 620293, 'y': 6573448, 'spatialReference': {'wkid': 25832, 'latestWkid': 25832}}",True,True,0.0,0.0,735100.0,326.0,[0],"[39.04893293 39.5337439  39.64703866 ... 44.43807057 43.01430709
 41.84311123]","[33.14743753 32.97662056 32.88779798 ... 34.39124245 33.93348789
 33.33481957]",[7.96376887 7.96376887 7.96376887 ... 7.96376887 7.96376887 7.96376887],"[-19.90942217 -19.90942217 -19.90942217 ... -19.90942217 -19.90942217
 -19.90942217]","[11.17574189 11.66055286 11.77384762 ... 16.56487953 15.14111605
 13.96992019]",0,[-0. -0. -0. ... -0. -0. -0.],"[71.42645904 72.22526402 72.36303096 ... 83.44853925 80.14325772
 77.2021977 ]"
1014,1015,32089,30,VIKEN,3003,SARPSBORG,352977,0,111,Enebolig,TB,Tatt i bruk,10101,10101,19030615,19030615,X,Bolig,,,10101,10101,1,Tilkn. off. vannverk,107.0,107.0,0.0,2,1,L,22,EUREF89 UTM Sone 32,--,UOppgitt,6573118.0,620818.0,0.0,U,23,EUREF89 UTM Sone 33,--,UOppgitt,6577631.84,278997.74,0.0,1,N,0.0,A,X,,A,"{'x': 620818, 'y': 6573118, 'spatialReference': {'wkid': 25832, 'latestWkid': 25832}}",True,0.0,0.0,0.0,13700.0,4.0,[0],[2.45680475 2.30696324 2.21484542 ... 2.96877619 2.72824246 2.65028733],[0.44559259 0.34687171 0.31180691 ... 0.76549137 0.68241479 0.54161616],[0.70194422 0.65913235 0.63281298 ... 0.84822177 0.77949785 0.75722495],"[-1.75486054 -1.64783088 -1.58203244 ... -2.12055442 -1.94874462
 -1.89306238]",[0. 0. 0. ... 0. 0. 0.],0,0,[1.84948102 1.66513642 1.57743287 ... 2.46193491 2.24141048 2.05606607]
1015,1016,32090,30,VIKEN,3003,SARPSBORG,352985,0,311,Kontor- og adm.bygning rådhus,TB,Tatt i bruk,10101,10101,19730615,19730615,L,Omsetning og drift av fast eiendom,,,10101,10101,1,Tilkn. off. vannverk,1097.0,0.0,1097.0,4,,L,22,EUREF89 UTM Sone 32,--,UOppgitt,6573475.0,620251.0,0.0,U,23,EUREF89 UTM Sone 33,--,UOppgitt,6578038.56,278464.92,0.0,1,J,0.0,C,X,,A,"{'x': 620251, 'y': 6573475, 'spatialReference': {'wkid': 25832, 'latestWkid': 25832}}",True,True,0.0,0.0,273600.0,121.0,[0],"[14.53569034 14.71615781 14.75833098 ... 16.54175888 16.01177295
 15.57580354]","[12.33890023 12.27531481 12.24225124 ... 12.80189785 12.63150194
 12.40865187]",[2.96445689 2.96445689 2.96445689 ... 2.96445689 2.96445689 2.96445689],"[-7.41114222 -7.41114222 -7.41114222 ... -7.41114222 -7.41114222
 -7.41114222]",[4.16009123 4.3405587  4.38273188 ... 6.16615977 5.63617384 5.20020443],0,[-0. -0. -0. ... -0. -0. -0.],"[26.58799646 26.88534599 26.93662876 ... 31.06313117 29.83276339
 28.73797451]"
1016,1017,32091,30,VIKEN,3003,SARPSBORG,352993,0,312,Bankbygning posthus,TB,Tatt i bruk,10101,10101,18630615,18630615,K,Finansierings- og forsikringsvirksomhet,,,10101,10101,1,Tilkn. off. vannverk,820.0,0.0,820.0,3,,L,22,EUREF89 UTM Sone 32,--,UOppgitt,6573483.0,620210.0,0.0,U,23,EUREF89 UTM Sone 33,--,UOppgitt,6578050.21,278424.78,0.0,1,N,0.0,C,X,,A,"{'x': 620210, 'y': 6573483, 'spatialReference': {'wkid': 25832, 'latestWkid': 25832}}",True,0,0.0,0.0,231200.0,91.0,[0],"[10.86532915 11.00022735 11.03175151 ... 12.36485167 11.96869081
 11.64280665]",[9.22324356 9.1757139  9.1509991  ... 9.56933112 9.44196134 9.27538244],[2.21591126 2.21591126 2.21591126 ... 2.21591126 2.21591126 2.21591126],"[-5.53977814 -5.53977814 -5.53977814 ... -5.53977814 -5.53977814
 -5.53977814]",[3.10963975 3.24453795 3.27606211 ... 4.60916227 4.21300141 3.88711726],0,0,"[19.87434558 20.09661232 20.13494584 ... 23.21947818 22.29978668
 21.48143947]"
1017,1018,32093,30,VIKEN,3003,SARPSBORG,353000,0,212,Verkstedbygning,TB,Tatt i bruk,10101,10101,19200615,19200615,C,Industri,,,10101,10101,1,Tilkn. off. vannverk,425.0,224.0,201.0,2,4,L,22,EUREF89 UTM Sone 32,--,UOppgitt,6573158.0,620821.0,0.0,U,23,EUREF89 UTM Sone 33,--,UOppgitt,6577671.42,279004.33,0.0,1,N,0.0,L,X,,A,"{'x': 620821, 'y': 6573158, 'spatialReference': {'wkid': 25832, 'latestWkid': 25832}}",True,True,0.0,0.0,89600.0,47.0,[0],[7.69367742 7.46769612 7.47278839 ... 8.74805354 8.48355416 8.34996629],[4.32934652 4.25042742 4.20869999 ... 4.60413627 4.47527652 4.35288396],[1.61201441 1.61201441 1.61201441 ... 1.61201441 1.61201441 1.61201441],"[-4.03003603 -4.03003603 -4.03003603 ... -4.03003603 -4.03003603
 -4.03003603]",[2.05162698 1.82564568 1.83073795 ... 3.1060031  2.84150372 2.70791585],0,[-0. -0. -0. ... -0. -0. -0.],"[11.65662931 11.12574761 11.09420471 ... 14.0401713  13.38231278
 12.99274448]"
1018,1019,32094,30,VIKEN,3003,SARPSBORG,353019,0,122,"Tomannsbolig, horisontaldelt",TB,Tatt i bruk,10101,10101,19030615,19030615,X,Bolig,,,10101,10101,1,Tilkn. off. vannverk,231.0,231.0,0.0,3,2,L,22,EUREF89 UTM Sone 32,--,UOppgitt,6573126.0,620799.0,0.0,U,23,EUREF89 UTM Sone 33,--,UOppgitt,6577641.52,278979.53,0.0,1,N,0.0,A,X,,A,"{'x': 620799, 'y': 6573126, 'spatialReference': {'wkid': 25832, 'latestWkid': 25832}}",True,0.0,0.0,0.0,29500.0,8.0,[0],[5.30394298 4.98045335 4.78158217 ... 6.40922711 5.88994401 5.72164836],[0.96198026 0.74885388 0.67315324 ... 1.65260287 1.47325062 1.16928349],[1.51541228 1.42298667 1.36616633 ... 1.83120775 1.68284114 1.63475667],"[-3.7885307  -3.55746668 -3.41541583 ... -4.57801936 -4.20710286
 -4.08689168]",[0. 0. 0. ... 0. 0. 0.],0,0,[3.99280481 3.59482722 3.40548591 ... 5.31501837 4.83893291 4.43879684]
1019,1020,32095,30,VIKEN,3003,SARPSBORG,353027,0,122,"Tomannsbolig, horisontaldelt",TB,Tatt i bruk,10101,10101,19510614,19510615,X,Bolig,,,10101,10101,1,Tilkn. off. vannverk,280.0,280.0,0.0,3,2,L,22,EUREF89 UTM Sone 32,--,UOppgitt,6573296.0,619220.0,0.0,U,23,EUREF89 UTM Sone 33,--,UOppgitt,6577952.96,277421.55,0.0,1,N,0.0,A,X,,A,"{'x': 619220, 'y': 6573296, 'spatialReference': {'wkid': 25832, 'latestWkid': 25832}}",True,0.0,0.0,0.0,35800.0,10.0,[0],[6.42902179 6.03691315 5.79585717 ... 7.76876013 7.13932607 6.93533134],[1.16603668 0.90770168 0.81594332 ... 2.003155   1.78575832 1.41731332],[1.83686337 1.72483233 1.65595919 ... 2.21964575 2.03980745 1.98152324],"[-4.59215842 -4.31208082 -4.13989798 ... -5.54911438 -5.09951862
 -4.9538081 ]",[0. 0. 0. ... 0. 0. 0.],0,0,[4.83976341 4.35736633 4.12786171 ... 6.4424465  5.86537322 5.3803598 ]
1020,1021,32096,30,VIKEN,3003,SARPSBORG,353035,0,111,Enebolig,TB,Tatt i bruk,10101,10101,19601115,19601115,X,Bolig,,,10101,10101,1,Tilkn. off. vannverk,187.0,187.0,0.0,3,1,L,22,EUREF89 UTM Sone 32,--,UOppgitt,6573275.0,619249.0,0.0,U,23,EUREF89 UTM Sone 33,--,UOppgitt,6577929.43,277448.55,0.0,1,N,0.0,A,X,,A,"{'x': 619249, 'y': 6573275, 'spatialReference': {'wkid': 25832, 'latestWkid': 25832}}",True,True,0.0,0,17300.0,6.0,[0],[4.29366812 4.03179557 3.87080461 ... 5.18842195 4.76804991 4.63181057],[0.77874592 0.60621505 0.54493358 ... 1.33782138 1.19263145 0.94656283],[1.22676232 1.15194159 1.10594417 ... 1.48240627 1.36229997 1.32337445],"[-3.0669058  -2.87985398 -2.76486044 ... -3.70601568 -3.40574994
 -3.30843612]",[0. 0. 0. ... 0. 0. 0.],0,[-0. -0. -0. ... -0. -0. -0.],[3.23227056 2.91009823 2.75682193 ... 4.30263392 3.9172314  3.59331173]
1021,1022,32097,30,VIKEN,3003,SARPSBORG,353043,0,122,"Tomannsbolig, horisontaldelt",TB,Tatt i bruk,10101,10101,19481115,19481115,X,Bolig,,,10101,10101,1,Tilkn. off. vannverk,317.0,317.0,0.0,3,2,L,22,EUREF89 UTM Sone 32,--,UOppgitt,6573264.0,619220.0,0.0,U,23,EUREF89 UTM Sone 33,--,UOppgitt,6577921.08,277418.67,0.0,1,N,34.0,A,X,,A,"{'x': 619220, 'y': 6573264, 'spatialReference': {'wkid': 25832, 'latestWkid': 25832}}",True,True,0.0,0,36900.0,11.0,[0],[7.2785711  6.8346481  6.5617383  ... 8.79534629 8.08273701 7.85178584],[1.32012009 1.02764797 0.92376441 ... 2.26785762 2.02173353 1.60460116],[2.07959174 1.9527566  1.87478237 ... 2.51295608 2.30935343 2.24336738],"[-5.19897935 -4.8818915  -4.68695593 ... -6.28239021 -5.77338358
 -5.60841846]",[0. 0. 0. ... 0. 0. 0.],0,[-0. -0. -0. ... -0. -0. -0.],[5.47930358 4.93316117 4.67332915 ... 7.29376979 6.6404404  6.09133592]
1022,1023,32098,30,VIKEN,3003,SARPSBORG,353051,0,111,Enebolig,TB,Tatt i bruk,10101,10101,19480315,19480315,X,Bolig,,,10101,10101,1,Tilkn. off. vannverk,181.0,181.0,0.0,3,1,L,22,EUREF89 UTM Sone 32,--,UOppgitt,6573247.0,619250.0,0.0,U,23,EUREF89 UTM Sone 33,--,UOppgitt,6577901.44,277447.03,0.0,1,N,0.0,A,X,,A,"{'x': 619250, 'y': 6573247, 'spatialReference': {'wkid': 25832, 'latestWkid': 25832}}",True,0,0.0,0,23200.0,6.0,[0],[4.15590337 3.90243314 3.74660767 ... 5.02194851 4.61506435 4.48319633],[0.75375942 0.5867643  0.52744908 ... 1.29489663 1.1543652  0.91619183],[1.18740096 1.1149809  1.07045933 ... 1.43484243 1.31858981 1.28091324],"[-2.96850241 -2.78745224 -2.67614834 ... -3.58710608 -3.29647454
 -3.20228309]",[0. 0. 0. ... 0. 0. 0.],0,0,[3.12856135 2.81672609 2.66836775 ... 4.16458149 3.79154483 3.4780183 ]
1023,1024,32099,30,VIKEN,3003,SARPSBORG,353078,0,122,"Tomannsbolig, horisontaldelt",TB,Tatt i bruk,10101,10101,19540315,19540315,X,Bolig,,,10101,10101,1,Tilkn. off. vannverk,296.0,296.0,0.0,3,2,L,22,EUREF89 UTM Sone 32,--,UOppgitt,6573238.0,619220.0,0.0,U,23,EUREF89 UTM Sone 33,--,UOppgitt,6577895.17,277416.33,0.0,1,N,0.0,A,X,,A,"{'x': 619220, 'y': 6573238, 'spatialReference': {'wkid': 25832, 'latestWkid': 25832}}",True,0.0,0.0,0.0,37900.0,10.0,[0],[6.79639446 6.38187961 6.12704901 ... 8.21268928 7.54728756 7.33163599],[1.23266734 0.95957034 0.86256866 ... 2.117621   1.88780166 1.49830266],[1.94182699 1.82339418 1.75058543 ... 2.34648265 2.15636787 2.09475314],"[-4.85456747 -4.55848544 -4.37646358 ... -5.86620663 -5.39091968
 -5.23688285]",[0. 0. 0. ... 0. 0. 0.],0,0,[5.11632132 4.60635869 4.36373952 ... 6.8105863  6.2005374  5.68780894]
1024,1025,32100,30,VIKEN,3003,SARPSBORG,353094,0,121,"Tomannsbolig, vertikaldelt",TB,Tatt i bruk,10101,10101,19820515,19820515,X,Bolig,,,10101,10101,1,Tilkn. off. vannverk,168.0,168.0,0.0,2,1,L,22,EUREF89 UTM Sone 32,--,UOppgitt,6575850.0,620556.0,0.0,U,23,EUREF89 UTM Sone 33,--,UOppgitt,6580377.48,278982.51,0.0,1,N,0.0,A,X,,C,"{'x': 620556, 'y': 6575850, 'spatialReference': {'wkid': 25832, 'latestWkid': 25832}}",True,True,0.0,0,12500.0,6.0,[0],[3.85741307 3.62214789 3.4775143  ... 4.66125608 4.28359564 4.1611988 ],[0.69962201 0.54462101 0.48956599 ... 1.201893   1.07145499 0.85038799],[1.10211802 1.0348994  0.99357552 ... 1.33178745 1.22388447 1.18891394],"[-2.75529505 -2.58724849 -2.48393879 ... -3.32946863 -3.05971117
 -2.97228486]",[0. 0. 0. ... 0. 0. 0.],0,[-0. -0. -0. ... -0. -0. -0.],[2.90385805 2.6144198  2.47671702 ... 3.8654679  3.51922393 3.22821588]
1025,1026,32101,30,VIKEN,3003,SARPSBORG,353108,0,111,Enebolig,TB,Tatt i bruk,10101,10101,19820515,19820515,X,Bolig,,,10101,10101,1,Tilkn. off. vannverk,150.0,150.0,0.0,1,1,L,22,EUREF89 UTM Sone 32,--,UOppgitt,6575888.0,620636.0,0.0,U,23,EUREF89 UTM Sone 33,--,UOppgitt,6580408.15,279065.64,0.0,1,N,0.0,A,X,,C,"{'x': 620636, 'y': 6575888, 'spatialReference': {'wkid': 25832, 'latestWkid': 25832}}",True,True,0.0,0,3100.0,5.0,[0],[3.44411881 3.23406061 3.10492349 ... 4.16183578 3.82463897 3.71535607],[0.6246625  0.48626876 0.4371125  ... 1.07311875 0.95665625 0.75927499],[0.98403395 0.92401732 0.887121   ... 1.18909594 1.09275399 1.06153031],"[-2.46008487 -2.3100433  -2.21780249 ... -2.97273985 -2.73188497
 -2.65382577]",[0. 0. 0. ... 0. 0. 0.],0,[-0. -0. -0. ... -0. -0. -0.],[2.5927304  2.33430339 2.21135449 ... 3.45131063 3.14216423 2.88233561]
1026,1027,32103,30,VIKEN,3003,SARPSBORG,353124,0,111,Enebolig,TB,Tatt i bruk,10101,10101,19820215,19820215,X,Bolig,,,10101,10101,1,Tilkn. off. vannverk,155.0,155.0,0.0,2,1,L,22,EUREF89 UTM Sone 32,--,UOppgitt,6575913.0,620646.0,0.0,U,23,EUREF89 UTM Sone 33,--,UOppgitt,6580432.16,279077.86,0.0,1,N,0.0,A,X,,C,"{'x': 620646, 'y': 6575913, 'spatialReference': {'wkid': 25832, 'latestWkid': 25832}}",True,True,0.0,0,11500.0,5.0,[0],[3.55892278 3.34186264 3.20842093 ... 4.30056364 3.95212693 3.83920128],[0.64548459 0.50247771 0.45168291 ... 1.10888937 0.98854479 0.78458416],[1.01683508 0.9548179  0.9166917  ... 1.22873247 1.12917912 1.09691465],"[-2.5420877  -2.38704474 -2.29172924 ... -3.07183117 -2.82294781
 -2.74228663]",[0. 0. 0. ... 0. 0. 0.],0,[-0. -0. -0. ... -0. -0. -0.],[2.67915475 2.41211351 2.2850663  ... 3.56635431 3.24690303 2.97841346]
1027,1028,32104,30,VIKEN,3003,SARPSBORG,353132,0,111,Enebolig,TB,Tatt i bruk,10101,10101,19820615,19820615,X,Bolig,,,10101,10101,1,Tilkn. off. vannverk,164.0,164.0,0.0,2,1,L,22,EUREF89 UTM Sone 32,--,UOppgitt,6575906.0,620552.0,0.0,U,23,EUREF89 UTM Sone 33,--,UOppgitt,6580433.64,278983.57,0.0,1,N,0.0,A,X,,C,"{'x': 620552, 'y': 6575906, 'spatialReference': {'wkid': 25832, 'latestWkid': 25832}}",True,True,0.0,0,12200.0,6.0,[0],[3.7655699  3.53590627 3.39471634 ... 4.55027379 4.18160527 4.06212264],[0.68296434 0.53165384 0.47790966 ... 1.1732765  1.04594416 0.83014066],[1.07587712 1.01025893 0.96991896 ... 1.30007823 1.19474436 1.16060647],"[-2.68969279 -2.52564734 -2.42479739 ... -3.25019557 -2.98686091
 -2.90151617]",[0. 0. 0. ... 0. 0. 0.],0,[-0. -0. -0. ... -0. -0. -0.],[2.83471857 2.55217171 2.41774757 ... 3.77343295 3.43543289 3.1513536 ]
1028,1029,32105,30,VIKEN,3003,SARPSBORG,353140,0,111,Enebolig,TB,Tatt i bruk,10101,10101,19810715,19810715,X,Bolig,,,10101,10101,1,Tilkn. off. vannverk,153.0,153.0,0.0,2,1,L,22,EUREF89 UTM Sone 32,--,UOppgitt,6575937.0,620649.0,0.0,U,23,EUREF89 UTM Sone 33,--,UOppgitt,6580455.8,279083.0,0.0,1,N,0.0,A,X,,C,"{'x': 620649, 'y': 6575937, 'spatialReference': {'wkid': 25832, 'latestWkid': 25832}}",True,True,0.0,0,11400.0,5.0,[0],[3.51300119 3.29874183 3.16702195 ... 4.2450725  3.90113174 3.7896632 ],[0.63715576 0.49599413 0.44585474 ... 1.09458112 0.97578937 0.77446049],[1.00371463 0.94249766 0.90486342 ... 1.21287786 1.11460907 1.08276091],"[-2.50928657 -2.35624416 -2.26215854 ... -3.03219464 -2.78652267
 -2.70690228]",[0. 0. 0. ... 0. 0. 0.],0,[-0. -0. -0. ... -0. -0. -0.],[2.64458501 2.38098946 2.25558158 ... 3.52033684 3.20500751 2.93998232]
1029,1030,32106,30,VIKEN,3003,SARPSBORG,353183,0,111,Enebolig,TB,Tatt i bruk,10101,10101,19820615,19820615,X,Bolig,,,10101,10101,1,Tilkn. off. vannverk,147.0,147.0,0.0,2,1,L,22,EUREF89 UTM Sone 32,--,UOppgitt,6576030.0,620594.0,0.0,U,23,EUREF89 UTM Sone 33,--,UOppgitt,6580553.41,279036.57,0.0,1,N,0.0,A,X,,C,"{'x': 620594, 'y': 6576030, 'spatialReference': {'wkid': 25832, 'latestWkid': 25832}}",0,True,0.0,True,-2000.0,1.0,[0],[3.37523644 3.1693794  3.04282502 ... 4.07859907 3.74814619 3.64104895],[0.61216925 0.47654338 0.42837025 ... 1.05165638 0.93752312 0.7440895 ],0,0,0,"[-3.37523644 -3.1693794  -3.04282502 ... -4.07859907 -3.74814619
 -3.64104895]",[-0. -0. -0. ... -0. -0. -0.],[0.61216925 0.47654338 0.42837025 ... 1.05165638 0.93752312 0.7440895 ]
1030,1031,32107,30,VIKEN,3003,SARPSBORG,353213,0,111,Enebolig,TB,Tatt i bruk,10101,10101,19821115,19821115,X,Bolig,,,10101,10101,1,Tilkn. off. vannverk,179.0,179.0,0.0,2,1,L,22,EUREF89 UTM Sone 32,--,UOppgitt,6576031.0,620558.0,0.0,U,23,EUREF89 UTM Sone 33,--,UOppgitt,6580557.65,279000.79,0.0,1,N,0.0,A,X,,C,"{'x': 620558, 'y': 6576031, 'spatialReference': {'wkid': 25832, 'latestWkid': 25832}}",True,True,0.0,0,13300.0,6.0,[0],[4.10998179 3.85931233 3.70520869 ... 4.96645737 4.56406916 4.43365825],[0.74543059 0.58028071 0.52162091 ... 1.28058838 1.14160979 0.90606816],[1.17428051 1.10266067 1.05863105 ... 1.41898782 1.30401976 1.2667595 ],"[-2.93570128 -2.75665167 -2.64657764 ... -3.54746955 -3.2600494
 -3.16689875]",[0. 0. 0. ... 0. 0. 0.],0,[-0. -0. -0. ... -0. -0. -0.],[3.09399161 2.78560205 2.63888302 ... 4.11856402 3.74964931 3.43958716]
1031,1032,32108,30,VIKEN,3003,SARPSBORG,353221,0,111,Enebolig,TB,Tatt i bruk,10101,19820915,19840415,19840415,X,Bolig,,,19820915,10101,1,Tilkn. off. vannverk,171.0,171.0,0.0,3,1,L,22,EUREF89 UTM Sone 32,52,DigitFraStrekKart1_1000,6576054.0,620563.0,0.0,U,23,EUREF89 UTM Sone 33,52,DigitFraStrekKart1_1000,6580580.11,279007.85,0.0,1,N,0.0,A,X,,C,"{'x': 620563, 'y': 6576054, 'spatialReference': {'wkid': 25832, 'latestWkid': 25832}}",0,True,0.0,0,27000.0,10.0,[0],[3.92629545 3.6868291  3.53961277 ... 4.74449279 4.36008842 4.23550593],[0.71211526 0.55434638 0.49830824 ... 1.22335537 1.09058812 0.86557349],0,0,0,0,[-0. -0. -0. ... -0. -0. -0.],[4.6384107  4.24117548 4.03792102 ... 5.96784817 5.45067654 5.10107942]
1032,1033,32109,30,VIKEN,3003,SARPSBORG,353264,0,111,Enebolig,TB,Tatt i bruk,10101,10101,19820815,19820815,X,Bolig,,,10101,10101,1,Tilkn. off. vannverk,213.0,213.0,0.0,1,1,L,22,EUREF89 UTM Sone 32,--,UOppgitt,6576078.0,620589.0,0.0,U,23,EUREF89 UTM Sone 33,--,UOppgitt,6580601.69,279035.91,0.0,1,N,0.0,A,X,,C,"{'x': 620589, 'y': 6576078, 'spatialReference': {'wkid': 25832, 'latestWkid': 25832}}",0,True,0.0,0,18500.0,12.0,[0],[4.89064872 4.59236607 4.40899135 ... 5.90980681 5.43098733 5.27580563],[0.88702076 0.69050163 0.62069974 ... 1.52382862 1.35845187 1.07817049],0,0,0,0,[-0. -0. -0. ... -0. -0. -0.],[5.77766947 5.28286771 5.02969109 ... 7.43363544 6.7894392  6.35397612]
1033,1034,32110,30,VIKEN,3003,SARPSBORG,353272,0,111,Enebolig,TB,Tatt i bruk,10101,10101,19810515,19810515,X,Bolig,,,10101,10101,1,Tilkn. off. vannverk,145.0,145.0,0.0,2,1,L,22,EUREF89 UTM Sone 32,--,UOppgitt,6575832.0,620599.0,0.0,U,23,EUREF89 UTM Sone 33,--,UOppgitt,6580355.68,279023.74,0.0,1,N,0.0,A,X,,C,"{'x': 620599, 'y': 6575832, 'spatialReference': {'wkid': 25832, 'latestWkid': 25832}}",0,True,0.0,True,-1900.0,1.0,[0],[3.32931485 3.12625859 3.00142604 ... 4.02310793 3.697151   3.59151087],[0.60384042 0.4700598  0.42254208 ... 1.03734813 0.9247677  0.73396583],0,0,0,"[-3.32931485 -3.12625859 -3.00142604 ... -4.02310793 -3.697151
 -3.59151087]",[-0. -0. -0. ... -0. -0. -0.],[0.60384042 0.4700598  0.42254208 ... 1.03734813 0.9247677  0.73396583]
1034,1035,32112,30,VIKEN,3003,SARPSBORG,353329,0,111,Enebolig,TB,Tatt i bruk,10101,10101,19821115,19821115,X,Bolig,,,10101,10101,1,Tilkn. off. vannverk,190.0,190.0,0.0,1,1,L,22,EUREF89 UTM Sone 32,--,UOppgitt,6575869.0,620611.0,0.0,U,23,EUREF89 UTM Sone 33,--,UOppgitt,6580391.47,279039.02,0.0,1,N,0.0,A,X,,C,"{'x': 620611, 'y': 6575869, 'spatialReference': {'wkid': 25832, 'latestWkid': 25832}}",0,True,0.0,True,-12700.0,1.0,[0],[4.3625505  4.09647678 3.93290308 ... 5.27165866 4.84454269 4.70611769],[0.79123917 0.61594042 0.55367583 ... 1.35928375 1.21176458 0.96174833],0,0,0,"[-4.3625505  -4.09647678 -3.93290308 ... -5.27165866 -4.84454269
 -4.70611769]",[-0. -0. -0. ... -0. -0. -0.],[0.79123917 0.61594042 0.55367583 ... 1.35928375 1.21176458 0.96174833]
1035,1036,32114,30,VIKEN,3003,SARPSBORG,353345,0,136,Andre småhus m/3 boliger el fl,TB,Tatt i bruk,10101,10101,19361015,19361015,Q,Helse- og sosialtjenester,,,10101,10101,1,Tilkn. off. vannverk,779.0,271.0,508.0,4,2,L,22,EUREF89 UTM Sone 32,,,6573413.0,620016.4,,U,23,EUREF89 UTM Sone 33,,,6577997.89,278225.59,0.0,1,N,0.0,A,X,,A,"{'x': 620016.4000000004, 'y': 6573413, 'spatialReference': {'wkid': 25832, 'latestWkid': 25832}}",True,True,0.0,0,78800.0,27.0,[0],"[17.88645705 16.79555479 16.12490263 ... 21.61380051 19.86262502
 19.29508255]",[3.24408061 2.52535573 2.27007089 ... 5.57306338 4.96823477 3.94316814],[5.1104163  4.79872994 4.60711504 ... 6.17537157 5.67503572 5.51288073],"[-12.77604075 -11.99682485 -11.51778759 ... -15.43842894 -14.1875893
 -13.78220182]",[0. 0. 0. ... 0. 0. 0.],0,[-0. -0. -0. ... -0. -0. -0.],"[13.46491321 12.12281562 11.48430097 ... 17.92380652 16.31830621
 14.9689296 ]"
1036,1037,32119,30,VIKEN,3003,SARPSBORG,353418,0,111,Enebolig,TB,Tatt i bruk,10101,10101,19090615,19090615,X,Bolig,,,10101,10101,1,Tilkn. off. vannverk,256.0,256.0,0.0,3,1,L,22,EUREF89 UTM Sone 32,--,UOppgitt,6573461.0,619950.0,0.0,U,23,EUREF89 UTM Sone 33,--,UOppgitt,6578051.69,278163.75,0.0,1,N,0.0,A,X,,A,"{'x': 619950, 'y': 6573461, 'spatialReference': {'wkid': 25832, 'latestWkid': 25832}}",True,0.0,0.0,0.0,32700.0,9.0,[0],[5.87796278 5.51946345 5.29906941 ... 7.10286641 6.52738383 6.34087437],[1.06609068 0.82989868 0.74600532 ... 1.831456   1.63269332 1.29582932],[1.67941794 1.57698956 1.51401983 ... 2.0293904  1.86496681 1.81167839],"[-4.19854484 -3.94247389 -3.78504958 ... -5.073476   -4.66241702
 -4.52919598]",[0. 0. 0. ... 0. 0. 0.],0,0,[4.42492655 3.98387779 3.77404499 ... 5.8902368  5.36262694 4.91918611]
1037,1038,32122,30,VIKEN,3003,SARPSBORG,353434,0,111,Enebolig,TB,Tatt i bruk,10101,10101,19130615,19130615,X,Bolig,,,10101,10101,1,Tilkn. off. vannverk,178.0,178.0,0.0,3,1,L,22,EUREF89 UTM Sone 32,--,UOppgitt,6573470.0,619933.0,0.0,U,23,EUREF89 UTM Sone 33,--,UOppgitt,6578062.18,278147.62,0.0,1,N,0.0,A,X,,A,"{'x': 619933, 'y': 6573470, 'spatialReference': {'wkid': 25832, 'latestWkid': 25832}}",True,0.0,0.0,0.0,22800.0,6.0,[0],[4.08702099 3.83775193 3.6845092  ... 4.9387118  4.53857157 4.40888921],[0.74126617 0.57703892 0.51870683 ... 1.27343425 1.13523208 0.90100633],[1.16772028 1.09650055 1.05271691 ... 1.41106051 1.29673473 1.25968263],"[-2.91930071 -2.74125138 -2.63179229 ... -3.52765128 -3.24183684
 -3.14920658]",[0. 0. 0. ... 0. 0. 0.],0,0,[3.07670674 2.77004003 2.62414066 ... 4.09555528 3.72870155 3.42037159]
1038,1039,32123,30,VIKEN,3003,SARPSBORG,353442,0,111,Enebolig,TB,Tatt i bruk,10101,10101,19090615,19090615,X,Bolig,,,10101,10101,1,Tilkn. off. vannverk,189.0,189.0,0.0,3,1,L,22,EUREF89 UTM Sone 32,--,UOppgitt,6573517.0,619929.0,0.0,U,23,EUREF89 UTM Sone 33,--,UOppgitt,6578109.37,278147.86,0.0,1,N,0.0,A,X,,A,"{'x': 619929, 'y': 6573517, 'spatialReference': {'wkid': 25832, 'latestWkid': 25832}}",True,True,0.0,0,17400.0,7.0,[0],[4.33958971 4.07491637 3.91220359 ... 5.24391309 4.8190451  4.68134865],[0.78707476 0.61269863 0.55076174 ... 1.35212962 1.20538687 0.95668649],[1.23988277 1.16426182 1.11777245 ... 1.49826088 1.37687003 1.33752819],"[-3.09970693 -2.91065455 -2.79443114 ... -3.74565221 -3.44217507
 -3.34382047]",[0. 0. 0. ... 0. 0. 0.],0,[-0. -0. -0. ... -0. -0. -0.],[3.2668403  2.94122227 2.78630665 ... 4.34865139 3.95912692 3.63174287]
1039,1040,32124,30,VIKEN,3003,SARPSBORG,353450,0,111,Enebolig,TB,Tatt i bruk,10101,10101,19210615,19210615,X,Bolig,,,10101,10101,1,Tilkn. off. vannverk,273.0,273.0,0.0,3,1,L,22,EUREF89 UTM Sone 32,--,UOppgitt,6573486.0,619904.0,0.0,U,23,EUREF89 UTM Sone 33,--,UOppgitt,6578080.74,278120.16,0.0,1,N,0.0,A,X,,A,"{'x': 619904, 'y': 6573486, 'spatialReference': {'wkid': 25832, 'latestWkid': 25832}}",True,0.0,0.0,0.0,34900.0,9.0,[0],[6.26829624 5.88599032 5.65096074 ... 7.57454113 6.96084292 6.76194806],[1.13688576 0.88500913 0.79554474 ... 1.95307612 1.74111437 1.38188049],[1.79094178 1.68171152 1.61456021 ... 2.16415461 1.98881226 1.93198516],"[-4.47735446 -4.2042788  -4.03640053 ... -5.41038652 -4.97203065
 -4.8299629 ]",[0. 0. 0. ... 0. 0. 0.],0,0,[4.71876933 4.24843217 4.02466517 ... 6.28138534 5.71873889 5.24585081]
1040,1041,32125,30,VIKEN,3003,SARPSBORG,353469,0,136,Andre småhus m/3 boliger el fl,TB,Tatt i bruk,10101,10101,19340615,19340615,X,Bolig,,,10101,10101,1,Tilkn. off. vannverk,422.0,422.0,0.0,3,4,L,22,EUREF89 UTM Sone 32,--,UOppgitt,6573542.0,619886.0,0.0,U,23,EUREF89 UTM Sone 33,--,UOppgitt,6578138.15,278107.27,0.0,1,N,0.0,A,X,,A,"{'x': 619886, 'y': 6573542, 'spatialReference': {'wkid': 25832, 'latestWkid': 25832}}",True,0.0,0.0,0.0,54000.0,15.0,[0],"[ 9.68945427  9.09849053  8.73518474 ... 11.70863134 10.75998429
 10.45253509]",[1.75738385 1.3680361  1.22974315 ... 3.01904075 2.6913929  2.13609365],[2.7684155  2.59956872 2.49576707 ... 3.34532324 3.07428123 2.9864386 ],"[-6.92103876 -6.49892181 -6.23941767 ... -8.3633081  -7.68570306
 -7.46609649]",[0. 0. 0. ... 0. 0. 0.],0,0,[7.29421486 6.56717354 6.22127729 ... 9.70968723 8.83995535 8.10897085]
1041,1042,32126,30,VIKEN,3003,SARPSBORG,353477,0,111,Enebolig,TB,Tatt i bruk,10101,10101,19300615,19300615,X,Bolig,,,10101,10101,1,Tilkn. off. vannverk,157.0,157.0,0.0,3,1,L,22,EUREF89 UTM Sone 32,--,UOppgitt,6573501.0,619883.0,0.0,U,23,EUREF89 UTM Sone 33,--,UOppgitt,6578097.57,278100.59,0.0,1,N,0.0,A,X,,A,"{'x': 619883, 'y': 6573501, 'spatialReference': {'wkid': 25832, 'latestWkid': 25832}}",True,True,0.0,0,14500.0,5.0,[0],[3.60484436 3.38498344 3.24981991 ... 4.35605479 4.00312212 3.88873936],[0.65381342 0.5089613  0.45751108 ... 1.12319762 1.0013002  0.79470783],[1.02995553 0.96713813 0.92851998 ... 1.24458708 1.14374918 1.11106839],"[-2.57488883 -2.41784532 -2.32129994 ... -3.11146771 -2.85937294
 -2.77767097]",[0. 0. 0. ... 0. 0. 0.],0,[-0. -0. -0. ... -0. -0. -0.],[2.71372448 2.44323755 2.31455103 ... 3.61237179 3.28879856 3.0168446 ]
1042,1043,32128,30,VIKEN,3003,SARPSBORG,353493,0,111,Enebolig,TB,Tatt i bruk,10101,10101,19240615,19240615,X,Bolig,,,10101,10101,1,Tilkn. off. vannverk,352.0,352.0,0.0,4,1,L,22,EUREF89 UTM Sone 32,--,UOppgitt,6573506.0,619864.0,0.0,U,23,EUREF89 UTM Sone 33,--,UOppgitt,6578104.26,278082.11,0.0,1,N,0.0,A,X,1,A,"{'x': 619864, 'y': 6573506, 'spatialReference': {'wkid': 25832, 'latestWkid': 25832}}",True,0.0,0.0,0.0,45000.0,12.0,[0],[8.08219882 7.58926224 7.28622044 ... 9.76644131 8.97515277 8.71870226],[1.46587468 1.14111068 1.02575732 ... 2.518252   2.24495332 1.78176532],[2.30919966 2.16836064 2.08177727 ... 2.7904118  2.56432936 2.49105779],"[-5.77299916 -5.4209016  -5.20444317 ... -6.97602951 -6.41082341
 -6.22764447]",[0. 0. 0. ... 0. 0. 0.],0,0,[6.084274   5.47783196 5.18931186 ... 8.09907561 7.37361205 6.7638809 ]
1043,1044,32129,30,VIKEN,3003,SARPSBORG,353507,0,111,Enebolig,TB,Tatt i bruk,10101,10101,19240615,19240615,X,Bolig,,,10101,10101,1,Tilkn. off. vannverk,160.0,160.0,0.0,3,1,L,22,EUREF89 UTM Sone 32,--,UOppgitt,6573562.0,619816.0,0.0,U,23,EUREF89 UTM Sone 33,--,UOppgitt,6578164.38,278039.32,0.0,1,N,0.0,A,X,,A,"{'x': 619816, 'y': 6573562, 'spatialReference': {'wkid': 25832, 'latestWkid': 25832}}",True,0.0,0.0,0.0,20500.0,6.0,[0],[3.67372674 3.44966466 3.31191838 ... 4.4392915  4.0796149  3.96304648],[0.66630667 0.51868667 0.46625333 ... 1.14466    1.02043333 0.80989333],[1.04963621 0.98561847 0.9462624  ... 1.268369   1.16560426 1.13229899],"[-2.62409053 -2.46404618 -2.36565599 ... -3.1709225  -2.91401064
 -2.83074749]",[0. 0. 0. ... 0. 0. 0.],0,0,[2.76557909 2.48992362 2.35877812 ... 3.681398   3.35164184 3.07449132]
1044,1045,32130,30,VIKEN,3003,SARPSBORG,353515,0,111,Enebolig,TB,Tatt i bruk,10101,10101,18700615,18700615,X,Bolig,,,10101,10101,1,Tilkn. off. vannverk,147.0,147.0,0.0,3,1,L,22,EUREF89 UTM Sone 32,--,UOppgitt,6573410.0,620104.0,0.0,U,23,EUREF89 UTM Sone 33,--,UOppgitt,6577987.02,278312.6,0.0,1,N,0.0,A,X,,A,"{'x': 620104, 'y': 6573410, 'spatialReference': {'wkid': 25832, 'latestWkid': 25832}}",True,0.0,0.0,0.0,18800.0,5.0,[0],[3.37523644 3.1693794  3.04282502 ... 4.07859907 3.74814619 3.64104895],[0.61216925 0.47654338 0.42837025 ... 1.05165638 0.93752312 0.7440895 ],[0.96435327 0.90553697 0.86937858 ... 1.16531402 1.07089891 1.0402997 ],"[-2.41088317 -2.26384243 -2.17344644 ... -2.91328505 -2.67724728
 -2.60074925]",[0. 0. 0. ... 0. 0. 0.],0,0,[2.54087579 2.28761732 2.1671274  ... 3.38228441 3.07932094 2.8246889 ]
1045,1046,32132,30,VIKEN,3003,SARPSBORG,353531,0,111,Enebolig,TB,Tatt i bruk,10101,10101,19210615,19210615,X,Bolig,,,10101,10101,1,Tilkn. off. vannverk,192.0,192.0,0.0,3,1,L,22,EUREF89 UTM Sone 32,--,UOppgitt,6573514.0,619841.0,0.0,U,23,EUREF89 UTM Sone 33,--,UOppgitt,6578114.3,278059.91,0.0,1,N,0.0,A,X,,A,"{'x': 619841, 'y': 6573514, 'spatialReference': {'wkid': 25832, 'latestWkid': 25832}}",True,0.0,0.0,0.0,24600.0,7.0,[0],[4.40847208 4.13959759 3.97430206 ... 5.3271498  4.89553788 4.75565578],[0.79956801 0.62242401 0.55950399 ... 1.373592   1.22451999 0.97187199],[1.25956345 1.18274217 1.13551487 ... 1.5220428  1.39872511 1.35875879],"[-3.14890863 -2.95685542 -2.83878719 ... -3.805107   -3.49681277
 -3.39689698]",[0. 0. 0. ... 0. 0. 0.],0,0,[3.31869491 2.98790834 2.83053374 ... 4.4176776  4.02197021 3.68938958]
1046,1047,32133,30,VIKEN,3003,SARPSBORG,353558,0,111,Enebolig,TB,Tatt i bruk,10101,10101,19310915,19310915,X,Bolig,,,10101,10101,1,Tilkn. off. vannverk,230.0,230.0,0.0,3,1,L,22,EUREF89 UTM Sone 32,--,UOppgitt,6573571.0,619792.0,0.0,U,23,EUREF89 UTM Sone 33,--,UOppgitt,6578175.5,278016.22,0.0,1,N,0.0,A,X,,A,"{'x': 619792, 'y': 6573571, 'spatialReference': {'wkid': 25832, 'latestWkid': 25832}}",True,0.0,0.0,0.0,29400.0,8.0,[0],[5.28098218 4.95889294 4.76088268 ... 6.38148154 5.86444641 5.69687931],[0.95781584 0.74561209 0.67023916 ... 1.64544875 1.46687291 1.16422166],[1.50885205 1.41682656 1.36025219 ... 1.82328044 1.67555612 1.6276798 ],"[-3.77213013 -3.54206639 -3.40063048 ... -4.5582011  -4.1888903
 -4.06919951]",[0. 0. 0. ... 0. 0. 0.],0,0,[3.97551995 3.5792652  3.39074355 ... 5.29200963 4.81798514 4.41958127]
1047,1048,32134,30,VIKEN,3003,SARPSBORG,353566,0,122,"Tomannsbolig, horisontaldelt",TB,Tatt i bruk,10101,10101,19240615,19240615,X,Bolig,,,10101,10101,1,Tilkn. off. vannverk,236.0,236.0,0.0,3,2,L,22,EUREF89 UTM Sone 32,--,UOppgitt,6573527.0,619806.0,0.0,U,23,EUREF89 UTM Sone 33,--,UOppgitt,6578130.4,278026.21,0.0,1,N,0.0,A,X,,A,"{'x': 619806, 'y': 6573527, 'spatialReference': {'wkid': 25832, 'latestWkid': 25832}}",True,True,0.0,0,21800.0,8.0,[0],[5.41874694 5.08825537 4.88507962 ... 6.54795497 6.01743197 5.84549356],[0.98280234 0.76506284 0.68772366 ... 1.6883735  1.50513916 1.19459266],[1.54821341 1.45378725 1.39573703 ... 1.87084428 1.71926628 1.67014102],"[-3.87053353 -3.63446812 -3.48934258 ... -4.67711069 -4.29816569
 -4.17535254]",[0. 0. 0. ... 0. 0. 0.],0,[-0. -0. -0. ... -0. -0. -0.],[4.07922916 3.67263734 3.47919773 ... 5.43006205 4.94367171 4.53487469]
1048,1049,32135,30,VIKEN,3003,SARPSBORG,353574,0,111,Enebolig,TB,Tatt i bruk,10101,10101,19400615,19400615,X,Bolig,,,10101,10101,1,Tilkn. off. vannverk,238.0,238.0,0.0,3,1,L,22,EUREF89 UTM Sone 32,--,UOppgitt,6573578.0,619771.0,0.0,U,23,EUREF89 UTM Sone 33,--,UOppgitt,6578184.37,277995.92,0.0,1,N,0.0,A,X,,A,"{'x': 619771, 'y': 6573578, 'spatialReference': {'wkid': 25832, 'latestWkid': 25832}}",True,0.0,0.0,0.0,30400.0,8.0,[0],[5.46466852 5.13137618 4.9264786  ... 6.60344611 6.06842716 5.89503164],[0.99113117 0.77154642 0.69355183 ... 1.70268175 1.51789458 1.20471633],[1.56133386 1.46610748 1.40756531 ... 1.88669889 1.73383633 1.68429475],"[-3.90333466 -3.6652687  -3.51891328 ... -4.71674722 -4.33459083
 -4.21073689]",[0. 0. 0. ... 0. 0. 0.],0,0,[4.1137989  3.70376138 3.50868245 ... 5.47607953 4.98556724 4.57330583]
1049,1050,32136,30,VIKEN,3003,SARPSBORG,353582,0,111,Enebolig,TB,Tatt i bruk,10101,10101,19270615,19270615,X,Bolig,,,10101,10101,1,Tilkn. off. vannverk,189.0,189.0,0.0,3,1,L,22,EUREF89 UTM Sone 32,--,UOppgitt,6573532.0,619776.0,0.0,U,23,EUREF89 UTM Sone 33,--,UOppgitt,6578138.08,277996.77,0.0,1,N,0.0,A,X,,A,"{'x': 619776, 'y': 6573532, 'spatialReference': {'wkid': 25832, 'latestWkid': 25832}}",True,0.0,0.0,0.0,24200.0,7.0,[0],[4.33958971 4.07491637 3.91220359 ... 5.24391309 4.8190451  4.68134865],[0.78707476 0.61269863 0.55076174 ... 1.35212962 1.20538687 0.95668649],[1.23988277 1.16426182 1.11777245 ... 1.49826088 1.37687003 1.33752819],"[-3.09970693 -2.91065455 -2.79443114 ... -3.74565221 -3.44217507
 -3.34382047]",[0. 0. 0. ... 0. 0. 0.],0,0,[3.2668403  2.94122227 2.78630665 ... 4.34865139 3.95912692 3.63174287]
1050,1051,32137,30,VIKEN,3003,SARPSBORG,353590,0,111,Enebolig,TB,Tatt i bruk,10101,10101,19500615,19500615,X,Bolig,,,10101,10101,1,Tilkn. off. vannverk,99.0,99.0,0.0,2,1,L,22,EUREF89 UTM Sone 32,--,UOppgitt,6573535.0,619753.0,0.0,U,23,EUREF89 UTM Sone 33,--,UOppgitt,6578143.14,277974.12,0.0,1,N,83.0,A,X,,A,"{'x': 619753, 'y': 6573535, 'spatialReference': {'wkid': 25832, 'latestWkid': 25832}}",True,True,0.0,0,3800.0,3.0,[0],[2.27311842 2.13448001 2.0492495  ... 2.74681162 2.52426172 2.45213501],[0.41227725 0.32093738 0.28849425 ... 0.70825837 0.63139312 0.5011215 ],[0.64946241 0.60985143 0.58549986 ... 0.78480332 0.72121763 0.70061   ],"[-1.62365601 -1.52462858 -1.46374964 ... -1.9620083  -1.80304408
 -1.75152501]",[0. 0. 0. ... 0. 0. 0.],0,[-0. -0. -0. ... -0. -0. -0.],[1.71120206 1.54064024 1.45949396 ... 2.27786501 2.07382839 1.9023415 ]
1051,1052,32138,30,VIKEN,3003,SARPSBORG,353604,0,122,"Tomannsbolig, horisontaldelt",TB,Tatt i bruk,10101,10101,19471215,19471215,X,Bolig,,,10101,10101,1,Tilkn. off. vannverk,297.0,297.0,0.0,3,2,L,22,EUREF89 UTM Sone 32,--,UOppgitt,6573594.0,619743.0,0.0,U,23,EUREF89 UTM Sone 33,--,UOppgitt,6578202.83,277969.47,0.0,1,N,0.0,A,X,,A,"{'x': 619743, 'y': 6573594, 'spatialReference': {'wkid': 25832, 'latestWkid': 25832}}",True,True,0.0,0,27400.0,10.0,[0],[6.81935525 6.40344002 6.1477485  ... 8.24043485 7.57278515 7.35640503],[1.23683176 0.96281213 0.86548274 ... 2.12477512 1.89417937 1.50336449],[1.94838722 1.82955429 1.75649957 ... 2.35440996 2.1636529  2.10183001],"[-4.87096804 -4.57388573 -4.39124893 ... -5.8860249  -5.40913225
 -5.25457502]",[0. 0. 0. ... 0. 0. 0.],0,[-0. -0. -0. ... -0. -0. -0.],[5.13360619 4.62192072 4.37848188 ... 6.83359504 6.22148517 5.70702451]
1052,1053,32139,30,VIKEN,3003,SARPSBORG,353612,0,111,Enebolig,TB,Tatt i bruk,10101,10101,19310615,19310615,X,Bolig,,,10101,10101,1,Tilkn. off. vannverk,256.0,256.0,0.0,3,1,L,22,EUREF89 UTM Sone 32,--,UOppgitt,6573519.0,619738.0,0.0,U,23,EUREF89 UTM Sone 33,--,UOppgitt,6578128.55,277957.74,0.0,1,N,0.0,A,X,,A,"{'x': 619738, 'y': 6573519, 'spatialReference': {'wkid': 25832, 'latestWkid': 25832}}",True,0.0,0.0,0.0,32700.0,9.0,[0],[5.87796278 5.51946345 5.29906941 ... 7.10286641 6.52738383 6.34087437],[1.06609068 0.82989868 0.74600532 ... 1.831456   1.63269332 1.29582932],[1.67941794 1.57698956 1.51401983 ... 2.0293904  1.86496681 1.81167839],"[-4.19854484 -3.94247389 -3.78504958 ... -5.073476   -4.66241702
 -4.52919598]",[0. 0. 0. ... 0. 0. 0.],0,0,[4.42492655 3.98387779 3.77404499 ... 5.8902368  5.36262694 4.91918611]
1053,1054,32140,30,VIKEN,3003,SARPSBORG,353620,0,122,"Tomannsbolig, horisontaldelt",TB,Tatt i bruk,10101,10101,19481115,19481115,X,Bolig,,,10101,10101,1,Tilkn. off. vannverk,257.0,257.0,0.0,3,2,L,22,EUREF89 UTM Sone 32,--,UOppgitt,6573601.0,619723.0,0.0,U,23,EUREF89 UTM Sone 33,--,UOppgitt,6578211.6,277950.17,0.0,1,N,0.0,A,X,,A,"{'x': 619723, 'y': 6573601, 'spatialReference': {'wkid': 25832, 'latestWkid': 25832}}",True,0.0,0.0,0.0,32900.0,9.0,[0],[5.90092357 5.54102385 5.3197689  ... 7.13061198 6.55288143 6.36564341],[1.07025509 0.83314047 0.74891941 ... 1.83861012 1.63907103 1.30089116],[1.68597816 1.58314967 1.51993397 ... 2.03731771 1.87225184 1.81875526],"[-4.21494541 -3.95787418 -3.79983493 ... -5.09329427 -4.68062959
 -4.54688815]",[0. 0. 0. ... 0. 0. 0.],0,0,[4.44221142 3.99943981 3.78878735 ... 5.91324554 5.38357471 4.93840168]
1054,1055,32141,30,VIKEN,3003,SARPSBORG,353639,0,122,"Tomannsbolig, horisontaldelt",TB,Tatt i bruk,10101,10101,19480615,19480615,X,Bolig,,,10101,10101,1,Tilkn. off. vannverk,252.0,252.0,0.0,3,2,L,22,EUREF89 UTM Sone 32,--,UOppgitt,6573610.0,619704.0,0.0,U,23,EUREF89 UTM Sone 33,--,UOppgitt,6578222.28,277932.05,0.0,1,N,0.0,A,X,,A,"{'x': 619704, 'y': 6573610, 'spatialReference': {'wkid': 25832, 'latestWkid': 25832}}",True,0.0,0.0,0.0,32200.0,9.0,[0],[5.78611961 5.43322183 5.21627145 ... 6.99188412 6.42539346 6.24179821],[1.04943301 0.81693151 0.73434899 ... 1.8028395  1.60718249 1.27558199],[1.65317703 1.5523491  1.49036327 ... 1.99768118 1.8358267  1.78337092],"[-4.13294258 -3.88087274 -3.72590818 ... -4.99420294 -4.58956676
 -4.45842729]",[0. 0. 0. ... 0. 0. 0.],0,0,[4.35578707 3.9216297  3.71507554 ... 5.79820185 5.2788359  4.84232382]
1055,1056,32142,30,VIKEN,3003,SARPSBORG,353647,0,671,Kirke kapell,TB,Tatt i bruk,10101,10101,19630615,19630615,Q,Helse- og sosialtjenester,,,10101,10101,1,Tilkn. off. vannverk,978.0,0.0,978.0,2,,L,22,EUREF89 UTM Sone 32,--,UOppgitt,6573380.0,620084.0,0.0,U,23,EUREF89 UTM Sone 33,--,UOppgitt,6577958.92,278289.98,0.0,1,J,0.0,I,X,,A,"{'x': 620084, 'y': 6573380, 'spatialReference': {'wkid': 25832, 'latestWkid': 25832}}",True,True,0.0,0.0,319900.0,142.0,[0],"[33.53890833 24.8663614  25.72602506 ... 42.38571872 40.78918321
 39.59510829]","[ 9.7906426   9.50023136  9.35796953 ... 10.39059767  9.92813668
  9.61487839]",[6.62369744 6.62369744 6.62369744 ... 6.62369744 6.62369744 6.62369744],"[-16.55924361 -16.55924361 -16.55924361 ... -16.55924361 -16.55924361
 -16.55924361]","[10.35596728  1.68342035  2.54308401 ... 19.20277768 17.60624216
 16.41216724]",0,[-0. -0. -0. ... -0. -0. -0.],"[43.74997204 26.11446695 27.69153244 ... 62.04354791 58.38801589
 55.68660776]"
1056,1057,32144,30,VIKEN,3003,SARPSBORG,353663,0,136,Andre småhus m/3 boliger el fl,TB,Tatt i bruk,10101,10101,19521215,19521215,X,Bolig,,,10101,10101,1,Tilkn. off. vannverk,482.0,482.0,0.0,4,4,L,22,EUREF89 UTM Sone 32,--,UOppgitt,6573604.0,619655.0,0.0,U,23,EUREF89 UTM Sone 33,--,UOppgitt,6578220.71,277882.68,0.0,1,N,0.0,A,X,,A,"{'x': 619655, 'y': 6573604, 'spatialReference': {'wkid': 25832, 'latestWkid': 25832}}",True,0.0,0.0,0.0,61700.0,17.0,[0],"[11.06710179 10.39211478  9.97715413 ... 13.37336566 12.28983987
 11.93867752]",[2.00724885 1.5625436  1.40458815 ... 3.44828825 3.0740554  2.43980365],[3.16202908 2.96917565 2.85061547 ... 3.82096162 3.51138282 3.41105072],"[-7.90507271 -7.42293913 -7.12653867 ... -9.55240404 -8.77845705
 -8.5276268 ]",[0. 0. 0. ... 0. 0. 0.],0,0,"[ 8.33130702  7.5008949   7.10581908 ... 11.09021148 10.09682104
  9.26190509]"
1057,1058,32145,30,VIKEN,3003,SARPSBORG,353671,0,419,Annen eksp. og terminalbygning,TB,Tatt i bruk,10101,10101,19600615,19600615,H,Transport og lagring,,,10101,10101,1,Tilkn. off. vannverk,180.0,0.0,180.0,2,,L,22,EUREF89 UTM Sone 32,--,UOppgitt,6573541.0,619632.0,0.0,U,23,EUREF89 UTM Sone 33,--,UOppgitt,6578160.01,277854.1,0.0,1,N,0.0,L,X,,A,"{'x': 619632, 'y': 6573541, 'spatialReference': {'wkid': 25832, 'latestWkid': 25832}}",True,True,0.0,0.0,37900.0,20.0,[0],[3.25849867 3.16278895 3.16494567 ... 3.70505797 3.5930347  3.53645631],[1.83360559 1.80018103 1.78250823 ... 1.94998712 1.89541123 1.84357438],[0.68273552 0.68273552 0.68273552 ... 0.68273552 0.68273552 0.68273552],"[-1.70683879 -1.70683879 -1.70683879 ... -1.70683879 -1.70683879
 -1.70683879]",[0.86892437 0.77321464 0.77537137 ... 1.31548367 1.2034604  1.14688201],0,[-0. -0. -0. ... -0. -0. -0.],[4.93692535 4.71208134 4.69872199 ... 5.94642549 5.66780306 5.50280942]
1058,1059,32147,30,VIKEN,3003,SARPSBORG,353701,0,311,Kontor- og adm.bygning rådhus,TB,Tatt i bruk,10101,10101,19580615,19560615,O,"Off. adm. og forsvar, og trygdeordninger underlagt off. forvaltning",,,10101,10101,1,Tilkn. off. vannverk,2263.0,0.0,2263.0,5,,L,22,EUREF89 UTM Sone 32,--,UOppgitt,6573428.0,620087.0,0.0,U,23,EUREF89 UTM Sone 33,--,UOppgitt,6578006.48,278297.28,0.0,1,J,0.0,C,X,,A,"{'x': 620087, 'y': 6573428, 'spatialReference': {'wkid': 25832, 'latestWkid': 25832}}",True,True,0.0,0.0,579200.0,250.0,[0],"[29.98565837 30.3579445  30.4449435  ... 34.12397479 33.03066744
 32.13130666]","[25.45390265 25.32273238 25.25452557 ... 26.40901991 26.05751038
 25.59779325]",[6.1153746 6.1153746 6.1153746 ... 6.1153746 6.1153746 6.1153746],"[-15.2884365 -15.2884365 -15.2884365 ... -15.2884365 -15.2884365
 -15.2884365]","[ 8.58184727  8.9541334   9.0411324  ... 12.72016368 11.62685634
 10.72749555]",0,[-0. -0. -0. ... -0. -0. -0.],"[54.84834639 55.46174838 55.56753956 ... 64.08009648 61.54197225
 59.28353356]"
1059,1060,32149,30,VIKEN,3003,SARPSBORG,353728,0,131,Rekkehus,TB,Tatt i bruk,10101,10101,19751015,19751015,X,Bolig,,,10101,10101,1,Tilkn. off. vannverk,109.0,109.0,0.0,2,1,L,22,EUREF89 UTM Sone 32,--,UOppgitt,6574570.43,621691.12,,U,23,EUREF89 UTM Sone 33,--,UOppgitt,6579000.43,279998.36,0.0,1,N,0.0,A,X,,C,"{'x': 621691.1200000001, 'y': 6574570.43, 'spatialReference': {'wkid': 25832, 'latestWkid': 25832}}",0,True,0.0,True,-1500.0,0.0,[0],[2.50272634 2.35008405 2.2562444  ... 3.02426734 2.77923765 2.69982541],[0.45392142 0.3533553  0.31763508 ... 0.77979962 0.6951702  0.55173983],0,0,0,"[-2.50272634 -2.35008405 -2.2562444  ... -3.02426734 -2.77923765
 -2.69982541]",[-0. -0. -0. ... -0. -0. -0.],[0.45392142 0.3533553  0.31763508 ... 0.77979962 0.6951702  0.55173983]
1060,1061,32150,30,VIKEN,3003,SARPSBORG,353736,0,131,Rekkehus,TB,Tatt i bruk,10101,10101,19751015,19751015,X,Bolig,,,10101,10101,1,Tilkn. off. vannverk,109.0,109.0,0.0,2,1,L,22,EUREF89 UTM Sone 32,--,UOppgitt,6574624.67,621695.53,,U,23,EUREF89 UTM Sone 33,--,UOppgitt,6579054.07,280007.64,0.0,1,N,0.0,A,X,,C,"{'x': 621695.5300000003, 'y': 6574624.67, 'spatialReference': {'wkid': 25832, 'latestWkid': 25832}}",True,True,0.0,0,8100.0,4.0,[0],[2.50272634 2.35008405 2.2562444  ... 3.02426734 2.77923765 2.69982541],[0.45392142 0.3533553  0.31763508 ... 0.77979962 0.6951702  0.55173983],[0.71506467 0.67145258 0.64464126 ... 0.86407638 0.7940679  0.77137869],"[-1.78766167 -1.67863146 -1.61160314 ... -2.16019096 -1.98516975
 -1.92844672]",[0. 0. 0. ... 0. 0. 0.],0,[-0. -0. -0. ... -0. -0. -0.],[1.88405076 1.69626046 1.60691759 ... 2.50795239 2.283306   2.09449721]
1061,1062,32151,30,VIKEN,3003,SARPSBORG,353744,0,131,Rekkehus,TB,Tatt i bruk,10101,10101,19750815,19750815,X,Bolig,,,10101,10101,1,Tilkn. off. vannverk,109.0,109.0,0.0,2,1,L,22,EUREF89 UTM Sone 32,--,UOppgitt,6574658.4,621696.87,,U,23,EUREF89 UTM Sone 33,--,UOppgitt,6579087.56,280012.01,0.0,1,N,0.0,A,X,,C,"{'x': 621696.8700000001, 'y': 6574658.4, 'spatialReference': {'wkid': 25832, 'latestWkid': 25832}}",0,True,0.0,True,-1500.0,0.0,[0],[2.50272634 2.35008405 2.2562444  ... 3.02426734 2.77923765 2.69982541],[0.45392142 0.3533553  0.31763508 ... 0.77979962 0.6951702  0.55173983],0,0,0,"[-2.50272634 -2.35008405 -2.2562444  ... -3.02426734 -2.77923765
 -2.69982541]",[-0. -0. -0. ... -0. -0. -0.],[0.45392142 0.3533553  0.31763508 ... 0.77979962 0.6951702  0.55173983]
1062,1063,32152,30,VIKEN,3003,SARPSBORG,353752,0,131,Rekkehus,TB,Tatt i bruk,10101,10101,19760315,19760315,X,Bolig,,,10101,10101,1,Tilkn. off. vannverk,109.0,109.0,0.0,2,1,L,22,EUREF89 UTM Sone 32,--,UOppgitt,6574473.94,621669.15,,U,23,EUREF89 UTM Sone 33,--,UOppgitt,6578906.27,279967.79,0.0,1,N,0.0,A,X,,C,"{'x': 621669.1500000004, 'y': 6574473.9399999995, 'spatialReference': {'wkid': 25832, 'latestWkid': 25832}}",True,True,0.0,0,8100.0,4.0,[0],[2.50272634 2.35008405 2.2562444  ... 3.02426734 2.77923765 2.69982541],[0.45392142 0.3533553  0.31763508 ... 0.77979962 0.6951702  0.55173983],[0.71506467 0.67145258 0.64464126 ... 0.86407638 0.7940679  0.77137869],"[-1.78766167 -1.67863146 -1.61160314 ... -2.16019096 -1.98516975
 -1.92844672]",[0. 0. 0. ... 0. 0. 0.],0,[-0. -0. -0. ... -0. -0. -0.],[1.88405076 1.69626046 1.60691759 ... 2.50795239 2.283306   2.09449721]
1063,1064,32153,30,VIKEN,3003,SARPSBORG,353760,0,131,Rekkehus,TB,Tatt i bruk,10101,10101,19760315,19760315,X,Bolig,,,10101,10101,1,Tilkn. off. vannverk,109.0,109.0,0.0,2,1,L,22,EUREF89 UTM Sone 32,--,UOppgitt,6574500.89,621678.72,,U,23,EUREF89 UTM Sone 33,--,UOppgitt,6578932.26,279979.75,0.0,1,N,0.0,A,X,,C,"{'x': 621678.7199999997, 'y': 6574500.890000001, 'spatialReference': {'wkid': 25832, 'latestWkid': 25832}}",0,True,0.0,True,-1500.0,0.0,[0],[2.50272634 2.35008405 2.2562444  ... 3.02426734 2.77923765 2.69982541],[0.45392142 0.3533553  0.31763508 ... 0.77979962 0.6951702  0.55173983],0,0,0,"[-2.50272634 -2.35008405 -2.2562444  ... -3.02426734 -2.77923765
 -2.69982541]",[-0. -0. -0. ... -0. -0. -0.],[0.45392142 0.3533553  0.31763508 ... 0.77979962 0.6951702  0.55173983]
1064,1065,32154,30,VIKEN,3003,SARPSBORG,353779,0,131,Rekkehus,TB,Tatt i bruk,10101,10101,19751115,19751115,X,Bolig,,,10101,10101,1,Tilkn. off. vannverk,109.0,109.0,0.0,2,1,L,22,EUREF89 UTM Sone 32,--,UOppgitt,6574553.49,621689.87,,U,23,EUREF89 UTM Sone 33,--,UOppgitt,6578983.66,279995.59,0.0,1,N,0.0,A,X,,C,"{'x': 621689.8700000001, 'y': 6574553.49, 'spatialReference': {'wkid': 25832, 'latestWkid': 25832}}",True,True,0.0,0,8100.0,4.0,[0],[2.50272634 2.35008405 2.2562444  ... 3.02426734 2.77923765 2.69982541],[0.45392142 0.3533553  0.31763508 ... 0.77979962 0.6951702  0.55173983],[0.71506467 0.67145258 0.64464126 ... 0.86407638 0.7940679  0.77137869],"[-1.78766167 -1.67863146 -1.61160314 ... -2.16019096 -1.98516975
 -1.92844672]",[0. 0. 0. ... 0. 0. 0.],0,[-0. -0. -0. ... -0. -0. -0.],[1.88405076 1.69626046 1.60691759 ... 2.50795239 2.283306   2.09449721]
1065,1066,32155,30,VIKEN,3003,SARPSBORG,353787,0,111,Enebolig,TB,Tatt i bruk,10101,10101,19230615,19230615,X,Bolig,,,10101,10101,1,Tilkn. off. vannverk,263.0,263.0,0.0,3,1,L,22,EUREF89 UTM Sone 32,--,UOppgitt,6573648.0,619768.0,0.0,U,23,EUREF89 UTM Sone 33,--,UOppgitt,6578254.38,277999.23,0.0,1,N,36.0,A,X,,A,"{'x': 619768, 'y': 6573648, 'spatialReference': {'wkid': 25832, 'latestWkid': 25832}}",True,True,0.0,0,29800.0,9.0,[0],[6.03868832 5.67038628 5.44396584 ... 7.29708541 6.70586699 6.51425765],[1.09524159 0.85259122 0.76640391 ... 1.88153488 1.67733728 1.33126216],[1.72533952 1.62011037 1.55541881 ... 2.08488155 1.915962   1.86121647],"[-4.3133488  -4.05027591 -3.88854703 ... -5.21220386 -4.78990499
 -4.65304118]",[0. 0. 0. ... 0. 0. 0.],0,[-0. -0. -0. ... -0. -0. -0.],[4.54592063 4.09281195 3.87724153 ... 6.05129797 5.50926127 5.0536951 ]
1066,1067,32156,30,VIKEN,3003,SARPSBORG,353795,0,111,Enebolig,TB,Tatt i bruk,10101,10101,19290615,19290615,X,Bolig,,,10101,10101,1,Tilkn. off. vannverk,235.0,235.0,0.0,4,1,L,22,EUREF89 UTM Sone 32,--,UOppgitt,6573450.0,619693.0,0.0,U,23,EUREF89 UTM Sone 33,--,UOppgitt,6578063.85,277906.69,0.0,1,N,0.0,A,X,,A,"{'x': 619693, 'y': 6573450, 'spatialReference': {'wkid': 25832, 'latestWkid': 25832}}",True,True,0.0,0,23800.0,8.0,[0],[5.39578614 5.06669496 4.86438013 ... 6.5202094  5.99193438 5.82072452],[0.97863792 0.76182105 0.68480958 ... 1.68121937 1.49876145 1.18953083],[1.54165318 1.44762713 1.38982289 ... 1.86291697 1.71198125 1.66306415],"[-3.85413296 -3.61906783 -3.47455723 ... -4.65729243 -4.27995313
 -4.15766037]",[0. 0. 0. ... 0. 0. 0.],0,[-0. -0. -0. ... -0. -0. -0.],[4.06194429 3.65707531 3.46445536 ... 5.40705332 4.92272395 4.51565912]
1067,1068,32157,30,VIKEN,3003,SARPSBORG,353809,0,111,Enebolig,TB,Tatt i bruk,10101,10101,19280615,19280615,X,Bolig,,,10101,10101,1,Tilkn. off. vannverk,214.0,214.0,0.0,3,1,L,22,EUREF89 UTM Sone 32,--,UOppgitt,6573463.0,619667.0,0.0,U,23,EUREF89 UTM Sone 33,--,UOppgitt,6578079.14,277881.95,0.0,1,N,0.0,A,X,,A,"{'x': 619667, 'y': 6573463, 'spatialReference': {'wkid': 25832, 'latestWkid': 25832}}",True,True,0.0,0,19700.0,7.0,[0],[4.91360951 4.61392648 4.42969084 ... 5.93755239 5.45648492 5.30057467],[0.89118517 0.69374342 0.62361383 ... 1.53098275 1.36482958 1.08323233],[1.40388843 1.31826471 1.26562595 ... 1.69644354 1.55899569 1.5144499 ],"[-3.50972108 -3.29566177 -3.16406488 ... -4.24110885 -3.89748923
 -3.78612476]",[0. 0. 0. ... 0. 0. 0.],0,[-0. -0. -0. ... -0. -0. -0.],[3.69896204 3.33027284 3.15486573 ... 4.92386983 4.48282096 4.11213214]
1068,1069,32159,30,VIKEN,3003,SARPSBORG,353817,0,136,Andre småhus m/3 boliger el fl,TB,Tatt i bruk,10101,10101,19500615,19500615,X,Bolig,,,10101,10101,1,Tilkn. off. vannverk,454.0,454.0,0.0,4,4,L,22,EUREF89 UTM Sone 32,--,UOppgitt,6573442.0,619651.0,0.0,U,23,EUREF89 UTM Sone 33,--,UOppgitt,6578059.66,277864.12,0.0,1,N,0.0,A,X,,A,"{'x': 619651, 'y': 6573442, 'spatialReference': {'wkid': 25832, 'latestWkid': 25832}}",True,True,0.0,0,45900.0,16.0,[0],"[10.42419961  9.78842346  9.39756841 ... 12.59648964 11.57590727
 11.24514439]",[1.89064518 1.47177343 1.32299382 ... 3.24797275 2.89547957 2.29807232],[2.97834275 2.79669242 2.68501955 ... 3.59899704 3.30740208 3.2128984 ],"[-7.44585687 -6.99173104 -6.71254887 ... -8.9974926  -8.26850519
 -8.03224599]",[0. 0. 0. ... 0. 0. 0.],0,[-0. -0. -0. ... -0. -0. -0.],"[ 7.84733068  7.06515827  6.69303291 ... 10.44596683  9.51028372
  8.72386911]"
1069,1070,32160,30,VIKEN,3003,SARPSBORG,353825,0,122,"Tomannsbolig, horisontaldelt",TB,Tatt i bruk,10101,10101,19480815,19480815,X,Bolig,,,10101,10101,1,Tilkn. off. vannverk,253.0,253.0,0.0,3,2,L,22,EUREF89 UTM Sone 32,--,UOppgitt,6573418.0,619638.0,0.0,U,23,EUREF89 UTM Sone 33,--,UOppgitt,6578036.91,277849.01,0.0,1,N,0.0,A,X,,A,"{'x': 619638, 'y': 6573418, 'spatialReference': {'wkid': 25832, 'latestWkid': 25832}}",True,True,0.0,0,23300.0,9.0,[0],[5.8090804  5.45478224 5.23697094 ... 7.01962969 6.45089105 6.26656725],[1.05359743 0.8201733  0.73726307 ... 1.80999362 1.6135602  1.28064382],[1.65973726 1.55850921 1.49627741 ... 2.00560848 1.84311173 1.79044778],"[-4.14934314 -3.89627303 -3.74069353 ... -5.01402121 -4.60777932
 -4.47611946]",[0. 0. 0. ... 0. 0. 0.],0,[-0. -0. -0. ... -0. -0. -0.],[4.37307194 3.93719172 3.7298179  ... 5.82121059 5.29978366 4.86153939]
1070,1071,32161,30,VIKEN,3003,SARPSBORG,353833,0,111,Enebolig,TB,Tatt i bruk,10101,10101,19270615,19270615,X,Bolig,,,10101,10101,1,Tilkn. off. vannverk,241.0,241.0,0.0,3,1,L,22,EUREF89 UTM Sone 32,--,UOppgitt,6573432.0,619680.0,0.0,U,23,EUREF89 UTM Sone 33,--,UOppgitt,6578047.08,277892.12,0.0,1,N,8.0,A,X,,A,"{'x': 619680, 'y': 6573432, 'spatialReference': {'wkid': 25832, 'latestWkid': 25832}}",True,True,0.0,0,30000.0,8.0,[0],[5.5335509  5.19605739 4.98857707 ... 6.68668283 6.14491994 5.96933876],[1.00362442 0.7812718  0.70229408 ... 1.72414413 1.5370277  1.21990183],[1.58101454 1.48458783 1.42530773 ... 1.91048081 1.75569141 1.70552536],"[-3.95253635 -3.71146956 -3.56326933 ... -4.77620202 -4.38922853
 -4.2638134 ]",[0. 0. 0. ... 0. 0. 0.],0,[-0. -0. -0. ... -0. -0. -0.],[4.16565351 3.75044745 3.55290954 ... 5.54510574 5.04841052 4.63095255]
1071,1072,32162,30,VIKEN,3003,SARPSBORG,353841,0,111,Enebolig,TB,Tatt i bruk,10101,10101,19260615,19260615,X,Bolig,,,10101,10101,1,Tilkn. off. vannverk,200.0,200.0,0.0,3,1,L,22,EUREF89 UTM Sone 32,--,UOppgitt,6573391.0,619626.0,0.0,U,23,EUREF89 UTM Sone 33,--,UOppgitt,6578011.09,277834.63,0.0,1,N,0.0,A,X,,A,"{'x': 619626, 'y': 6573391, 'spatialReference': {'wkid': 25832, 'latestWkid': 25832}}",True,True,0.0,0,18500.0,7.0,[0],[4.59215842 4.31208082 4.13989798 ... 5.54911438 5.09951862 4.9538081 ],[0.83288334 0.64835834 0.58281666 ... 1.430825   1.27554166 1.01236666],[1.31204526 1.23202309 1.18282799 ... 1.58546125 1.45700532 1.41537374],"[-3.28011316 -3.08005773 -2.95706999 ... -3.96365313 -3.6425133
 -3.53843436]",[0. 0. 0. ... 0. 0. 0.],0,[-0. -0. -0. ... -0. -0. -0.],[3.45697387 3.11240452 2.94847265 ... 4.6017475  4.1895523  3.84311415]
1072,1073,32163,30,VIKEN,3003,SARPSBORG,353868,0,111,Enebolig,TB,Tatt i bruk,10101,10101,19270615,19270615,X,Bolig,,,10101,10101,1,Tilkn. off. vannverk,246.0,246.0,0.0,3,1,L,22,EUREF89 UTM Sone 32,--,UOppgitt,6573407.0,619664.0,0.0,U,23,EUREF89 UTM Sone 33,--,UOppgitt,6578023.61,277873.93,0.0,1,N,0.0,A,X,,A,"{'x': 619664, 'y': 6573407, 'spatialReference': {'wkid': 25832, 'latestWkid': 25832}}",True,True,0.0,0,22700.0,9.0,[0],[5.64835486 5.30385941 5.09207452 ... 6.82541069 6.2724079  6.09318396],[1.02444651 0.79748076 0.71686449 ... 1.75991475 1.56891624 1.24521099],[1.61381567 1.5153884  1.45487843 ... 1.95011734 1.79211654 1.7409097 ],"[-4.03453918 -3.78847101 -3.63719608 ... -4.87529335 -4.48029136
 -4.35227426]",[0. 0. 0. ... 0. 0. 0.],0,[-0. -0. -0. ... -0. -0. -0.],[4.25207785 3.82825756 3.62662136 ... 5.66014943 5.15314933 4.7270304 ]
1073,1074,32165,30,VIKEN,3003,SARPSBORG,353876,0,111,Enebolig,TB,Tatt i bruk,10101,10101,19240615,19240615,X,Bolig,,,10101,10101,1,Tilkn. off. vannverk,158.0,158.0,0.0,3,1,L,22,EUREF89 UTM Sone 32,--,UOppgitt,6573364.0,619619.0,0.0,U,23,EUREF89 UTM Sone 33,--,UOppgitt,6577984.82,277825.22,0.0,1,N,0.0,A,X,,A,"{'x': 619619, 'y': 6573364, 'spatialReference': {'wkid': 25832, 'latestWkid': 25832}}",True,0.0,0.0,0.0,20200.0,5.0,[0],[3.62780515 3.40654385 3.2705194  ... 4.38380036 4.02861971 3.9135084 ],[0.65797784 0.51220309 0.46042516 ... 1.13035175 1.00767791 0.79976966],[1.03651576 0.97329824 0.93443412 ... 1.25251439 1.1510342  1.11814526],"[-2.59128939 -2.43324561 -2.33608529 ... -3.13128597 -2.87758551
 -2.79536314]",[0. 0. 0. ... 0. 0. 0.],0,0,[2.73100935 2.45879957 2.32929339 ... 3.63538053 3.30974632 3.03606018]
1074,1075,32166,30,VIKEN,3003,SARPSBORG,353884,0,122,"Tomannsbolig, horisontaldelt",TB,Tatt i bruk,10101,10101,19260615,19260615,X,Bolig,,,10101,10101,1,Tilkn. off. vannverk,315.0,315.0,0.0,3,2,L,22,EUREF89 UTM Sone 32,--,UOppgitt,6573376.0,619653.0,0.0,U,23,EUREF89 UTM Sone 33,--,UOppgitt,6577993.72,277860.18,0.0,1,N,0.0,A,X,,A,"{'x': 619653, 'y': 6573376, 'spatialReference': {'wkid': 25832, 'latestWkid': 25832}}",True,0.0,0.0,0.0,40300.0,11.0,[0],[7.23264951 6.79152729 6.52033932 ... 8.73985515 8.03174183 7.80224776],[1.31179126 1.02116439 0.91793624 ... 2.25354937 2.00897811 1.59447749],[2.06647129 1.94043637 1.86295409 ... 2.49710147 2.29478338 2.22921365],"[-5.16617822 -4.85109092 -4.65738523 ... -6.24275368 -5.73695845
 -5.57303411]",[0. 0. 0. ... 0. 0. 0.],0,0,[5.44473384 4.90203712 4.64384442 ... 7.24775232 6.59854487 6.05290478]
1075,1076,32167,30,VIKEN,3003,SARPSBORG,353892,0,111,Enebolig,TB,Tatt i bruk,10101,10101,19250615,19250615,X,Bolig,,,10101,10101,1,Tilkn. off. vannverk,182.0,182.0,0.0,3,1,L,22,EUREF89 UTM Sone 32,--,UOppgitt,6573342.0,619614.0,0.0,U,23,EUREF89 UTM Sone 33,--,UOppgitt,6577963.35,277818.26,0.0,1,N,0.0,A,X,,A,"{'x': 619614, 'y': 6573342, 'spatialReference': {'wkid': 25832, 'latestWkid': 25832}}",True,True,0.0,0,16800.0,6.0,[0],[4.17886416 3.92399355 3.76730716 ... 5.04969409 4.64056194 4.50796537],[0.75792384 0.59000609 0.53036316 ... 1.30205075 1.16074291 0.92125366],[1.19396119 1.12114101 1.07637347 ... 1.44276974 1.32587484 1.28799011],"[-2.98490297 -2.80285253 -2.69093369 ... -3.60692435 -3.3146871
 -3.21997526]",[0. 0. 0. ... 0. 0. 0.],0,[-0. -0. -0. ... -0. -0. -0.],[3.14584622 2.83228812 2.68311011 ... 4.18759023 3.81249259 3.49723387]
1076,1077,32168,30,VIKEN,3003,SARPSBORG,353906,0,111,Enebolig,TB,Tatt i bruk,10101,10101,19291015,19291015,X,Bolig,,,10101,10101,1,Tilkn. off. vannverk,225.0,225.0,0.0,3,1,L,22,EUREF89 UTM Sone 32,--,UOppgitt,6573352.0,619651.0,0.0,U,23,EUREF89 UTM Sone 33,--,UOppgitt,6577969.98,277856.03,0.0,1,N,0.0,A,X,,A,"{'x': 619651, 'y': 6573352, 'spatialReference': {'wkid': 25832, 'latestWkid': 25832}}",True,0.0,0.0,0.0,28800.0,8.0,[0],[5.16617822 4.85109092 4.65738523 ... 6.24275368 5.73695845 5.57303411],[0.93699376 0.72940313 0.65566874 ... 1.60967813 1.43498437 1.13891249],[1.47605092 1.38602598 1.33068149 ... 1.78364391 1.63913098 1.59229546],"[-3.6901273  -3.46506494 -3.32670373 ... -4.45910977 -4.09782746
 -3.98073865]",[0. 0. 0. ... 0. 0. 0.],0,0,[3.8890956  3.50145509 3.31703173 ... 5.17696594 4.71324634 4.32350341]
1077,1078,32169,30,VIKEN,3003,SARPSBORG,353914,0,111,Enebolig,TB,Tatt i bruk,10101,10101,19260615,19260615,X,Bolig,,,10101,10101,1,Tilkn. off. vannverk,154.0,154.0,0.0,3,1,L,22,EUREF89 UTM Sone 32,--,UOppgitt,6573318.0,619609.0,0.0,U,23,EUREF89 UTM Sone 33,--,UOppgitt,6577939.89,277811.12,0.0,1,N,0.0,A,X,,A,"{'x': 619609, 'y': 6573318, 'spatialReference': {'wkid': 25832, 'latestWkid': 25832}}",True,True,0.0,0,14200.0,5.0,[0],[3.53596198 3.32030223 3.18772144 ... 4.27281807 3.92662934 3.81443224],[0.64132017 0.49923592 0.44876883 ... 1.10173525 0.98216708 0.77952233],[1.01027485 0.94865778 0.91077756 ... 1.22080516 1.1218941  1.08983778],"[-2.52568713 -2.37164445 -2.27694389 ... -3.05201291 -2.80473524
 -2.72459446]",[0. 0. 0. ... 0. 0. 0.],0,[-0. -0. -0. ... -0. -0. -0.],[2.66186988 2.39655148 2.27032394 ... 3.54334558 3.22595527 2.95919789]
1078,1079,32170,30,VIKEN,3003,SARPSBORG,353922,0,111,Enebolig,TB,Tatt i bruk,10101,10101,19231115,19231115,X,Bolig,,,10101,10101,1,Tilkn. off. vannverk,201.0,201.0,0.0,3,1,L,22,EUREF89 UTM Sone 32,--,UOppgitt,6573635.0,619792.0,0.0,U,23,EUREF89 UTM Sone 33,--,UOppgitt,6578239.27,278021.98,0.0,1,N,0.0,A,X,,A,"{'x': 619792, 'y': 6573635, 'spatialReference': {'wkid': 25832, 'latestWkid': 25832}}",True,0.0,0.0,0.0,25700.0,7.0,[0],[4.61511921 4.33364122 4.16059747 ... 5.57685995 5.12501621 4.97857714],[0.83704776 0.65160013 0.58573074 ... 1.43797913 1.28191937 1.01742849],[1.31860549 1.23818321 1.18874213 ... 1.59338856 1.46429035 1.42245061],"[-3.29651372 -3.09545802 -2.97185534 ... -3.98347139 -3.66072587
 -3.55612653]",[0. 0. 0. ... 0. 0. 0.],0,0,[3.47425874 3.12796655 2.96321501 ... 4.62475624 4.21050006 3.86232972]
1079,1080,32171,30,VIKEN,3003,SARPSBORG,353930,0,111,Enebolig,TB,Tatt i bruk,10101,10101,19250915,19250915,X,Bolig,,,10101,10101,1,Tilkn. off. vannverk,231.0,231.0,0.0,3,1,L,22,EUREF89 UTM Sone 32,--,UOppgitt,6573327.0,619649.0,0.0,U,23,EUREF89 UTM Sone 33,--,UOppgitt,6577945.25,277851.78,0.0,1,N,0.0,A,X,,A,"{'x': 619649, 'y': 6573327, 'spatialReference': {'wkid': 25832, 'latestWkid': 25832}}",True,True,0.0,0,21300.0,8.0,[0],[5.30394298 4.98045335 4.78158217 ... 6.40922711 5.88994401 5.72164836],[0.96198026 0.74885388 0.67315324 ... 1.65260287 1.47325062 1.16928349],[1.51541228 1.42298667 1.36616633 ... 1.83120775 1.68284114 1.63475667],"[-3.7885307  -3.55746668 -3.41541583 ... -4.57801936 -4.20710286
 -4.08689168]",[0. 0. 0. ... 0. 0. 0.],0,[-0. -0. -0. ... -0. -0. -0.],[3.99280481 3.59482722 3.40548591 ... 5.31501837 4.83893291 4.43879684]
1080,1081,32172,30,VIKEN,3003,SARPSBORG,353949,0,122,"Tomannsbolig, horisontaldelt",TB,Tatt i bruk,10101,10101,19260615,19260615,X,Bolig,,,10101,10101,1,Tilkn. off. vannverk,193.0,193.0,0.0,3,2,L,22,EUREF89 UTM Sone 32,--,UOppgitt,6573281.0,619605.0,0.0,U,23,EUREF89 UTM Sone 33,--,UOppgitt,6577903.38,277803.8,0.0,1,N,0.0,A,X,,A,"{'x': 619605, 'y': 6573281, 'spatialReference': {'wkid': 25832, 'latestWkid': 25832}}",True,0.0,0.0,0.0,24700.0,7.0,[0],[4.43143288 4.16115799 3.99500155 ... 5.35489538 4.92103547 4.78042482],[0.80373242 0.6256658  0.56241808 ... 1.38074612 1.2308977  0.97693383],[1.26612368 1.18890228 1.14142901 ... 1.52997011 1.40601013 1.36583566],"[-3.1653092  -2.97225571 -2.85357254 ... -3.82492527 -3.51502533
 -3.41458915]",[0. 0. 0. ... 0. 0. 0.],0,0,[3.33597978 3.00347036 2.84527611 ... 4.44068634 4.04291797 3.70860515]
1081,1082,32173,30,VIKEN,3003,SARPSBORG,353957,0,111,Enebolig,TB,Tatt i bruk,10101,10101,19280615,19280615,X,Bolig,,,10101,10101,1,Tilkn. off. vannverk,180.0,180.0,0.0,3,1,L,22,EUREF89 UTM Sone 32,--,UOppgitt,6573310.0,619647.0,0.0,U,23,EUREF89 UTM Sone 33,--,UOppgitt,6577928.5,277848.26,0.0,1,N,0.0,A,X,,A,"{'x': 619647, 'y': 6573310, 'spatialReference': {'wkid': 25832, 'latestWkid': 25832}}",True,True,0.0,0,16600.0,6.0,[0],[4.13294258 3.88087274 3.72590818 ... 4.99420294 4.58956676 4.45842729],[0.74959501 0.58352251 0.52453499 ... 1.2877425  1.14798749 0.91112999],[1.18084074 1.10882078 1.06454519 ... 1.42691513 1.31130479 1.27383637],"[-2.95210184 -2.77205196 -2.66136299 ... -3.56728782 -3.27826197
 -3.18459092]",[0. 0. 0. ... 0. 0. 0.],0,[-0. -0. -0. ... -0. -0. -0.],[3.11127648 2.80116407 2.65362538 ... 4.14157275 3.77059707 3.45880273]
1082,1083,32174,30,VIKEN,3003,SARPSBORG,353965,0,111,Enebolig,TB,Tatt i bruk,10101,10101,19260615,19260615,X,Bolig,,,10101,10101,1,Tilkn. off. vannverk,184.0,184.0,0.0,3,1,L,22,EUREF89 UTM Sone 32,--,UOppgitt,6573247.0,619600.0,0.0,U,23,EUREF89 UTM Sone 33,--,UOppgitt,6577869.95,277795.76,0.0,1,N,130.0,A,X,,A,"{'x': 619600, 'y': 6573247, 'spatialReference': {'wkid': 25832, 'latestWkid': 25832}}",True,True,0.0,0,9600.0,6.0,[0],[4.22478575 3.96711435 3.80870614 ... 5.10518523 4.69155713 4.55750345],[0.76625267 0.59648967 0.53619133 ... 1.316359   1.17349833 0.93137733],[1.20708164 1.13346124 1.08820175 ... 1.45862435 1.34044489 1.30214384],"[-3.0177041  -2.83365311 -2.72050439 ... -3.64656088 -3.35111224
 -3.25535961]",[0. 0. 0. ... 0. 0. 0.],0,[-0. -0. -0. ... -0. -0. -0.],[3.18041596 2.86341216 2.71259484 ... 4.2336077  3.85438812 3.53566501]
1083,1084,32176,30,VIKEN,3003,SARPSBORG,353973,0,239,Annen lagerbygning,TB,Tatt i bruk,10101,10101,19510614,19510615,S,Annen tjenesteyting,,,10101,10101,1,Tilkn. off. vannverk,157.0,0.0,157.0,2,,L,22,EUREF89 UTM Sone 32,--,UOppgitt,6573289.0,620587.0,0.0,U,23,EUREF89 UTM Sone 33,--,UOppgitt,6577823.0,278782.96,0.0,1,N,0.0,L,X,,A,"{'x': 620587, 'y': 6573289, 'spatialReference': {'wkid': 25832, 'latestWkid': 25832}}",True,True,0.0,0.0,33100.0,17.0,[0],[2.84213495 2.7586548  2.76053595 ... 3.2316339  3.13392471 3.08457578],[1.59931154 1.57015789 1.55474329 ... 1.7008221  1.6532198  1.60800654],[0.59549709 0.59549709 0.59549709 ... 0.59549709 0.59549709 0.59549709],"[-1.48874272 -1.48874272 -1.48874272 ... -1.48874272 -1.48874272
 -1.48874272]",[0.75789514 0.67441499 0.67629614 ... 1.14739409 1.0496849  1.00033597],0,[-0. -0. -0. ... -0. -0. -0.],[4.306096   4.10998206 4.09832974 ... 5.18660446 4.94358378 4.79967267]
1084,1085,32177,30,VIKEN,3003,SARPSBORG,353981,0,111,Enebolig,TB,Tatt i bruk,10101,10101,19231015,19231015,X,Bolig,,,10101,10101,1,Tilkn. off. vannverk,257.0,257.0,0.0,4,1,L,22,EUREF89 UTM Sone 32,--,UOppgitt,6573287.0,619643.0,0.0,U,23,EUREF89 UTM Sone 33,--,UOppgitt,6577905.94,277842.21,0.0,1,N,0.0,A,X,,A,"{'x': 619643, 'y': 6573287, 'spatialReference': {'wkid': 25832, 'latestWkid': 25832}}",True,True,0.0,0,26000.0,9.0,[0],[5.90092357 5.54102385 5.3197689  ... 7.13061198 6.55288143 6.36564341],[1.07025509 0.83314047 0.74891941 ... 1.83861012 1.63907103 1.30089116],[1.68597816 1.58314967 1.51993397 ... 2.03731771 1.87225184 1.81875526],"[-4.21494541 -3.95787418 -3.79983493 ... -5.09329427 -4.68062959
 -4.54688815]",[0. 0. 0. ... 0. 0. 0.],0,[-0. -0. -0. ... -0. -0. -0.],[4.44221142 3.99943981 3.78878735 ... 5.91324554 5.38357471 4.93840168]
1085,1086,32178,30,VIKEN,3003,SARPSBORG,354007,0,111,Enebolig,TB,Tatt i bruk,10101,10101,19240215,19240215,X,Bolig,,,10101,10101,1,Tilkn. off. vannverk,256.0,256.0,0.0,3,1,L,22,EUREF89 UTM Sone 32,--,UOppgitt,6573220.0,619597.0,0.0,U,23,EUREF89 UTM Sone 33,--,UOppgitt,6577843.32,277790.35,0.0,1,N,0.0,A,X,,A,"{'x': 619597, 'y': 6573220, 'spatialReference': {'wkid': 25832, 'latestWkid': 25832}}",True,0.0,0.0,0.0,32700.0,9.0,[0],[5.87796278 5.51946345 5.29906941 ... 7.10286641 6.52738383 6.34087437],[1.06609068 0.82989868 0.74600532 ... 1.831456   1.63269332 1.29582932],[1.67941794 1.57698956 1.51401983 ... 2.0293904  1.86496681 1.81167839],"[-4.19854484 -3.94247389 -3.78504958 ... -5.073476   -4.66241702
 -4.52919598]",[0. 0. 0. ... 0. 0. 0.],0,0,[4.42492655 3.98387779 3.77404499 ... 5.8902368  5.36262694 4.91918611]
1086,1087,32179,30,VIKEN,3003,SARPSBORG,354015,0,111,Enebolig,TB,Tatt i bruk,10101,10101,19231215,19231215,X,Bolig,,,10101,10101,1,Tilkn. off. vannverk,188.0,188.0,0.0,3,1,L,22,EUREF89 UTM Sone 32,--,UOppgitt,6573271.0,619631.0,0.0,U,23,EUREF89 UTM Sone 33,--,UOppgitt,6577891.08,277828.81,0.0,1,N,10.0,A,X,,A,"{'x': 619631, 'y': 6573271, 'spatialReference': {'wkid': 25832, 'latestWkid': 25832}}",True,0.0,0.0,0.0,24000.0,7.0,[0],[4.31662891 4.05335597 3.8915041  ... 5.21616752 4.7935475  4.65657961],[0.78291034 0.60945684 0.54784766 ... 1.3449755  1.19900916 0.95162466],[1.23332255 1.15810171 1.11185831 ... 1.49033358 1.369585   1.33045132],"[-3.08330637 -2.89525426 -2.77964579 ... -3.72583394 -3.4239625
 -3.3261283 ]",[0. 0. 0. ... 0. 0. 0.],0,0,[3.24955543 2.92566025 2.77156429 ... 4.32564265 3.93817916 3.6125273 ]
1087,1088,32180,30,VIKEN,3003,SARPSBORG,354031,0,111,Enebolig,TB,Tatt i bruk,10101,10101,19240615,19240615,X,Bolig,,,10101,10101,1,Tilkn. off. vannverk,209.0,209.0,0.0,3,1,L,22,EUREF89 UTM Sone 32,--,UOppgitt,6573237.0,619626.0,0.0,U,23,EUREF89 UTM Sone 33,--,UOppgitt,6577857.65,277820.77,0.0,1,N,0.0,A,X,,A,"{'x': 619626, 'y': 6573237, 'spatialReference': {'wkid': 25832, 'latestWkid': 25832}}",True,0.0,0.0,0.0,26700.0,7.0,[0],[4.79880555 4.50612446 4.32619339 ... 5.79882453 5.32899696 5.17672946],[0.87036309 0.67753447 0.60904341 ... 1.49521212 1.33294103 1.05792316],[1.3710873  1.28746413 1.23605525 ... 1.65680701 1.52257056 1.47906556],"[-3.42771825 -3.21866033 -3.09013814 ... -4.14201752 -3.8064264
 -3.6976639 ]",[0. 0. 0. ... 0. 0. 0.],0,0,[3.61253769 3.25246273 3.08115392 ... 4.80882614 4.37808215 4.01605428]
1088,1089,32181,30,VIKEN,3003,SARPSBORG,354058,0,122,"Tomannsbolig, horisontaldelt",TB,Tatt i bruk,10101,10101,19240615,19240615,X,Bolig,,,10101,10101,1,Tilkn. off. vannverk,295.0,295.0,0.0,3,2,L,22,EUREF89 UTM Sone 32,--,UOppgitt,6573175.0,619591.0,0.0,U,23,EUREF89 UTM Sone 33,--,UOppgitt,6577799.02,277780.32,0.0,1,N,0.0,A,X,1,A,"{'x': 619591, 'y': 6573175, 'spatialReference': {'wkid': 25832, 'latestWkid': 25832}}",True,0.0,0.0,0.0,37700.0,10.0,[0],[6.77343367 6.36031921 6.10634952 ... 8.18494371 7.52178996 7.30686695],[1.22850293 0.95632855 0.85965457 ... 2.11046688 1.88142395 1.49324082],[1.93526676 1.81723406 1.74467129 ... 2.33855535 2.14908285 2.08767627],"[-4.83816691 -4.54308515 -4.36167823 ... -5.84638836 -5.37270712
 -5.21919068]",[0. 0. 0. ... 0. 0. 0.],0,0,[5.09903645 4.59079667 4.34899716 ... 6.78757757 6.17958964 5.66859336]
1089,1090,32182,30,VIKEN,3003,SARPSBORG,354066,0,111,Enebolig,TB,Tatt i bruk,10101,10101,19230615,19230615,X,Bolig,,,10101,10101,1,Tilkn. off. vannverk,191.0,191.0,0.0,3,1,L,22,EUREF89 UTM Sone 32,--,UOppgitt,6573622.0,619757.0,0.0,U,23,EUREF89 UTM Sone 33,--,UOppgitt,6578229.47,277985.93,0.0,1,N,0.0,A,X,,A,"{'x': 619757, 'y': 6573622, 'spatialReference': {'wkid': 25832, 'latestWkid': 25832}}",True,0.0,0.0,0.0,24400.0,7.0,[0],[4.38551129 4.11803718 3.95360257 ... 5.29940423 4.87004028 4.73088674],[0.79540359 0.61918221 0.55658991 ... 1.36643787 1.21814229 0.96681016],[1.25300323 1.17658205 1.12960073 ... 1.5141155  1.39144008 1.35168192],"[-3.13250807 -2.94145513 -2.82400184 ... -3.78528874 -3.4786002
 -3.37920481]",[0. 0. 0. ... 0. 0. 0.],0,0,[3.30141004 2.97234632 2.81579138 ... 4.39466887 4.00102245 3.67017401]
1090,1091,32183,30,VIKEN,3003,SARPSBORG,354074,0,111,Enebolig,TB,Tatt i bruk,10101,10101,19730115,19730115,X,Bolig,,,10101,10101,1,Tilkn. off. vannverk,186.0,186.0,0.0,2,1,L,22,EUREF89 UTM Sone 32,--,UOppgitt,6573205.0,619628.0,0.0,U,23,EUREF89 UTM Sone 33,--,UOppgitt,6577825.59,277819.88,0.0,1,N,0.0,A,X,,A,"{'x': 619628, 'y': 6573205, 'spatialReference': {'wkid': 25832, 'latestWkid': 25832}}",True,0.0,0.0,0.0,23800.0,6.0,[0],[4.27070733 4.01023516 3.85010512 ... 5.16067637 4.74255232 4.60704153],[0.77458151 0.60297326 0.54201949 ... 1.33066725 1.18625374 0.94150099],[1.22020209 1.14578148 1.10003003 ... 1.47447896 1.35501495 1.31629758],"[-3.05050524 -2.86445369 -2.75007509 ... -3.68619741 -3.38753737
 -3.29074395]",[0. 0. 0. ... 0. 0. 0.],0,0,[3.2149857  2.89453621 2.74207956 ... 4.27962518 3.89628364 3.57409616]
1091,1092,32184,30,VIKEN,3003,SARPSBORG,354082,0,111,Enebolig,TB,Tatt i bruk,10101,10101,19270615,19270615,X,Bolig,,,10101,10101,1,Tilkn. off. vannverk,183.0,183.0,0.0,3,1,L,22,EUREF89 UTM Sone 32,--,UOppgitt,6573186.0,619622.0,0.0,U,23,EUREF89 UTM Sone 33,--,UOppgitt,6577807.19,277812.2,0.0,1,N,0.0,A,X,,A,"{'x': 619622, 'y': 6573186, 'spatialReference': {'wkid': 25832, 'latestWkid': 25832}}",True,True,0.0,0,16900.0,6.0,[0],[4.20182495 3.94555395 3.78800665 ... 5.07743966 4.66605954 4.53273441],[0.76208826 0.59324788 0.53327724 ... 1.30920488 1.16712062 0.92631549],[1.20052142 1.12730113 1.08228761 ... 1.45069705 1.33315987 1.29506697],"[-3.00130354 -2.81825282 -2.70571904 ... -3.62674261 -3.33289967
 -3.23766744]",[0. 0. 0. ... 0. 0. 0.],0,[-0. -0. -0. ... -0. -0. -0.],[3.16313109 2.84785014 2.69785247 ... 4.21059897 3.83344035 3.51644944]
1092,1093,32185,30,VIKEN,3003,SARPSBORG,354090,0,111,Enebolig,TB,Tatt i bruk,10101,10101,19260615,19260615,X,Bolig,,,10101,10101,1,Tilkn. off. vannverk,145.0,145.0,0.0,3,1,L,22,EUREF89 UTM Sone 32,--,UOppgitt,6573154.0,619589.0,0.0,U,23,EUREF89 UTM Sone 33,--,UOppgitt,6577778.28,277776.44,0.0,1,N,0.0,A,X,,A,"{'x': 619589, 'y': 6573154, 'spatialReference': {'wkid': 25832, 'latestWkid': 25832}}",True,0.0,0.0,0.0,18500.0,5.0,[0],[3.32931485 3.12625859 3.00142604 ... 4.02310793 3.697151   3.59151087],[0.60384042 0.4700598  0.42254208 ... 1.03734813 0.9247677  0.73396583],[0.95123282 0.89321674 0.8575503  ... 1.14945941 1.05632886 1.02614596],"[-2.37808204 -2.23304185 -2.14387574 ... -2.87364852 -2.64082214
 -2.56536491]",[0. 0. 0. ... 0. 0. 0.],0,0,[2.50630605 2.25649328 2.13764267 ... 3.33626694 3.03742542 2.78625776]
1093,1094,32186,30,VIKEN,3003,SARPSBORG,354104,0,111,Enebolig,TB,Tatt i bruk,10101,10101,19280615,19280615,X,Bolig,,,10101,10101,1,Tilkn. off. vannverk,228.0,228.0,0.0,4,1,L,22,EUREF89 UTM Sone 32,--,UOppgitt,6573159.0,619617.0,0.0,U,23,EUREF89 UTM Sone 33,--,UOppgitt,6577780.74,277804.78,0.0,1,N,0.0,A,X,,A,"{'x': 619617, 'y': 6573159, 'spatialReference': {'wkid': 25832, 'latestWkid': 25832}}",True,True,0.0,0,23100.0,8.0,[0],[5.2350606  4.91577213 4.7194837  ... 6.32599039 5.81345123 5.64734123],[0.94948701 0.73912851 0.66441099 ... 1.6311405  1.45411749 1.15409799],[1.4957316  1.40450632 1.34842391 ... 1.80742583 1.66098606 1.61352607],"[-3.739329   -3.51126581 -3.37105978 ... -4.51856457 -4.15246516
 -4.03381517]",[0. 0. 0. ... 0. 0. 0.],0,[-0. -0. -0. ... -0. -0. -0.],[3.94095021 3.54814116 3.36125882 ... 5.24599215 4.77608962 4.38115013]
1094,1095,32187,30,VIKEN,3003,SARPSBORG,354112,0,111,Enebolig,TB,Tatt i bruk,10101,10101,19250615,19250615,X,Bolig,,,10101,10101,1,Tilkn. off. vannverk,213.0,213.0,0.0,3,1,L,22,EUREF89 UTM Sone 32,--,UOppgitt,6573129.0,619581.0,0.0,U,23,EUREF89 UTM Sone 33,--,UOppgitt,6577754.09,277766.22,0.0,1,N,0.0,A,X,,A,"{'x': 619581, 'y': 6573129, 'spatialReference': {'wkid': 25832, 'latestWkid': 25832}}",True,0.0,0.0,0.0,27200.0,7.0,[0],[4.89064872 4.59236607 4.40899135 ... 5.90980681 5.43098733 5.27580563],[0.88702076 0.69050163 0.62069974 ... 1.52382862 1.35845187 1.07817049],[1.3973282  1.31210459 1.25971181 ... 1.68851623 1.55171067 1.50737304],"[-3.49332051 -3.28026148 -3.14927953 ... -4.22129058 -3.87927666
 -3.76843259]",[0. 0. 0. ... 0. 0. 0.],0,0,[3.68167717 3.31471082 3.14012337 ... 4.90086109 4.4618732  4.09291657]
1095,1096,32188,30,VIKEN,3003,SARPSBORG,354120,0,111,Enebolig,TB,Tatt i bruk,10101,10101,19260615,19260615,X,Bolig,,,10101,10101,1,Tilkn. off. vannverk,182.0,182.0,0.0,3,1,L,22,EUREF89 UTM Sone 32,--,UOppgitt,6573132.0,619619.0,0.0,U,23,EUREF89 UTM Sone 33,--,UOppgitt,6577753.66,277804.35,0.0,1,N,0.0,A,X,,A,"{'x': 619619, 'y': 6573132, 'spatialReference': {'wkid': 25832, 'latestWkid': 25832}}",True,0.0,0.0,0.0,23300.0,6.0,[0],[4.17886416 3.92399355 3.76730716 ... 5.04969409 4.64056194 4.50796537],[0.75792384 0.59000609 0.53036316 ... 1.30205075 1.16074291 0.92125366],[1.19396119 1.12114101 1.07637347 ... 1.44276974 1.32587484 1.28799011],"[-2.98490297 -2.80285253 -2.69093369 ... -3.60692435 -3.3146871
 -3.21997526]",[0. 0. 0. ... 0. 0. 0.],0,0,[3.14584622 2.83228812 2.68311011 ... 4.18759023 3.81249259 3.49723387]
1096,1097,32189,30,VIKEN,3003,SARPSBORG,354139,0,122,"Tomannsbolig, horisontaldelt",TB,Tatt i bruk,10101,10101,19270615,19270615,X,Bolig,,,10101,10101,1,Tilkn. off. vannverk,175.0,175.0,0.0,3,2,L,22,EUREF89 UTM Sone 32,--,UOppgitt,6573107.0,619578.0,0.0,U,23,EUREF89 UTM Sone 33,--,UOppgitt,6577732.44,277761.25,0.0,1,N,0.0,A,X,,A,"{'x': 619578, 'y': 6573107, 'spatialReference': {'wkid': 25832, 'latestWkid': 25832}}",True,0.0,0.0,0.0,22400.0,6.0,[0],[4.01813862 3.77307072 3.62241073 ... 4.85547508 4.46207879 4.33458209],[0.72877292 0.56731355 0.50996458 ... 1.25197187 1.11609895 0.88582083],[1.1480396  1.07802021 1.03497449 ... 1.38727859 1.27487965 1.23845202],"[-2.87009901 -2.69505051 -2.58743624 ... -3.46819649 -3.18719914
 -3.09613006]",[0. 0. 0. ... 0. 0. 0.],0,0,[3.02485213 2.72335396 2.57991357 ... 4.02652906 3.66585826 3.36272488]
1097,1098,32190,30,VIKEN,3003,SARPSBORG,354147,0,111,Enebolig,TB,Tatt i bruk,10101,10101,19280615,19280615,X,Bolig,,,10101,10101,1,Tilkn. off. vannverk,196.0,196.0,0.0,3,1,L,22,EUREF89 UTM Sone 32,--,UOppgitt,6573106.0,619615.0,0.0,U,23,EUREF89 UTM Sone 33,--,UOppgitt,6577728.11,277798.02,0.0,1,N,0.0,A,X,,A,"{'x': 619615, 'y': 6573106, 'spatialReference': {'wkid': 25832, 'latestWkid': 25832}}",True,True,0.0,0,18100.0,7.0,[0],[4.50031525 4.2258392  4.05710002 ... 5.43813209 4.99752825 4.85473194],[0.81622567 0.63539117 0.57116033 ... 1.4022085  1.25003083 0.99211933],[1.28580436 1.20738263 1.15917143 ... 1.55375203 1.42786521 1.38706627],"[-3.21451089 -3.01845657 -2.89792859 ... -3.88438007 -3.56966303
 -3.46766567]",[0. 0. 0. ... 0. 0. 0.],0,[-0. -0. -0. ... -0. -0. -0.],[3.38783439 3.05015643 2.8895032  ... 4.50971255 4.10576125 3.76625186]
1098,1099,32191,30,VIKEN,3003,SARPSBORG,354155,0,122,"Tomannsbolig, horisontaldelt",TB,Tatt i bruk,10101,10101,19270615,20080515,X,Bolig,,,10101,10101,1,Tilkn. off. vannverk,212.0,212.0,0.0,3,2,L,22,EUREF89 UTM Sone 32,--,UOppgitt,6573088.0,619580.0,0.0,U,23,EUREF89 UTM Sone 33,--,UOppgitt,6577713.33,277761.53,0.0,1,N,0.0,A,X,,A,"{'x': 619580, 'y': 6573088, 'spatialReference': {'wkid': 25832, 'latestWkid': 25832}}",True,0.0,0.0,0.0,27100.0,7.0,[0],[4.86768793 4.57080567 4.38829186 ... 5.88206124 5.40548974 5.25103659],[0.88285634 0.68725984 0.61778566 ... 1.5166745  1.35207416 1.07310866],[1.39076798 1.30594448 1.25379767 ... 1.68058893 1.54442564 1.50029617],"[-3.47691995 -3.26486119 -3.13449418 ... -4.20147232 -3.8610641
 -3.75074042]",[0. 0. 0. ... 0. 0. 0.],0,0,[3.6643923  3.29914879 3.12538101 ... 4.87785235 4.44092544 4.07370099]
1099,1100,32192,30,VIKEN,3003,SARPSBORG,354163,0,136,Andre småhus m/3 boliger el fl,TB,Tatt i bruk,10101,10101,19270615,19270615,X,Bolig,,,10101,10101,1,Tilkn. off. vannverk,367.0,367.0,0.0,3,3,L,22,EUREF89 UTM Sone 32,--,UOppgitt,6573083.0,619613.0,0.0,U,23,EUREF89 UTM Sone 33,--,UOppgitt,6577705.38,277793.96,0.0,1,N,26.0,A,X,,A,"{'x': 619613, 'y': 6573083, 'spatialReference': {'wkid': 25832, 'latestWkid': 25832}}",True,0.0,0.0,0.0,46900.0,13.0,[0],"[ 8.4266107   7.9126683   7.59671279 ... 10.18262489  9.35761667
  9.09023786]",[1.52834093 1.18973755 1.06946857 ... 2.62556388 2.34061895 1.85769282],[2.40760306 2.26076237 2.17048937 ... 2.9093214  2.67360476 2.59721082],"[-6.01900764 -5.65190593 -5.42622342 ... -7.27330349 -6.68401191
 -6.49302705]",[0. 0. 0. ... 0. 0. 0.],0,0,[6.34354704 5.7112623  5.41044731 ... 8.44420667 7.68782847 7.05211446]
